Experiment_ID,Experiment_Name,Block,Family,Reference_ID,Model,Scaler,Feature_Selection_k,PCA_Target_Variance,Regularization_Method,Alpha,L1_Ratio,Fold,Validation_RMSE,Validation_MAE,Validation_R2,Fold_Training_RMSE
B0,B0 - Baseline numerik mentah (tanpa preprocessing),B0,B0,,LinearRegression,tanpa scaling,,,None,,,1,5.506266581761591,4.459522463138758,0.8974648497953905,5.368521217884998
B0,B0 - Baseline numerik mentah (tanpa preprocessing),B0,B0,,LinearRegression,tanpa scaling,,,None,,,2,6.090157413060598,4.8020175719974985,0.874670842785452,5.300117755953722
B0,B0 - Baseline numerik mentah (tanpa preprocessing),B0,B0,,LinearRegression,tanpa scaling,,,None,,,3,5.23022087225902,4.147903681173979,0.8963743399970225,5.394573335248076
B0,B0 - Baseline numerik mentah (tanpa preprocessing),B0,B0,,LinearRegression,tanpa scaling,,,None,,,4,4.1487360363509564,3.2921202060591113,0.9336908532048146,5.496038123134154
B0,B0 - Baseline numerik mentah (tanpa preprocessing),B0,B0,,LinearRegression,tanpa scaling,,,None,,,5,5.3016703243712655,4.054944209177583,0.920621436134607,5.387542238873598
B0,B0 - Baseline numerik mentah (tanpa preprocessing),B0,B0,,LinearRegression,tanpa scaling,,,None,,,6,5.300943223268385,4.2958320556379705,0.9095150712251778,5.388012548064574
B0,B0 - Baseline numerik mentah (tanpa preprocessing),B0,B0,,LinearRegression,tanpa scaling,,,None,,,7,5.791033298370588,4.493587218119792,0.8904075039335904,5.330202410373113
B0,B0 - Baseline numerik mentah (tanpa preprocessing),B0,B0,,LinearRegression,tanpa scaling,,,None,,,8,6.2768229846604084,4.9684997538157605,0.8553614228909172,5.271791845562139
B0,B0 - Baseline numerik mentah (tanpa preprocessing),B0,B0,,LinearRegression,tanpa scaling,,,None,,,9,5.3655826353371765,4.180821577576303,0.8872192590162612,5.379556429065735
B0,B0 - Baseline numerik mentah (tanpa preprocessing),B0,B0,,LinearRegression,tanpa scaling,,,None,,,10,5.209558475061397,4.1856450548522925,0.9018802945239959,5.394956948526587
B1_standard,B1 - Numerik + imputasi + StandardScaler,B1,B1,B0,LinearRegression,StandardScaler,,,None,,,1,5.506266581761591,4.459522463138758,0.8974648497953905,5.368521217884998
B1_standard,B1 - Numerik + imputasi + StandardScaler,B1,B1,B0,LinearRegression,StandardScaler,,,None,,,2,6.090157413060598,4.8020175719974985,0.874670842785452,5.300117755953722
B1_standard,B1 - Numerik + imputasi + StandardScaler,B1,B1,B0,LinearRegression,StandardScaler,,,None,,,3,5.23022087225902,4.147903681173979,0.8963743399970225,5.394573335248076
B1_standard,B1 - Numerik + imputasi + StandardScaler,B1,B1,B0,LinearRegression,StandardScaler,,,None,,,4,4.1487360363509564,3.2921202060591113,0.9336908532048146,5.496038123134154
B1_standard,B1 - Numerik + imputasi + StandardScaler,B1,B1,B0,LinearRegression,StandardScaler,,,None,,,5,5.3016703243712655,4.054944209177583,0.920621436134607,5.387542238873598
B1_standard,B1 - Numerik + imputasi + StandardScaler,B1,B1,B0,LinearRegression,StandardScaler,,,None,,,6,5.300943223268385,4.2958320556379705,0.9095150712251778,5.388012548064574
B1_standard,B1 - Numerik + imputasi + StandardScaler,B1,B1,B0,LinearRegression,StandardScaler,,,None,,,7,5.791033298370588,4.493587218119792,0.8904075039335904,5.330202410373113
B1_standard,B1 - Numerik + imputasi + StandardScaler,B1,B1,B0,LinearRegression,StandardScaler,,,None,,,8,6.2768229846604084,4.9684997538157605,0.8553614228909172,5.271791845562139
B1_standard,B1 - Numerik + imputasi + StandardScaler,B1,B1,B0,LinearRegression,StandardScaler,,,None,,,9,5.3655826353371765,4.180821577576303,0.8872192590162612,5.379556429065735
B1_standard,B1 - Numerik + imputasi + StandardScaler,B1,B1,B0,LinearRegression,StandardScaler,,,None,,,10,5.209558475061397,4.1856450548522925,0.9018802945239959,5.394956948526587
B2_standard,B2 - Semua fitur + one-hot + StandardScaler,B2,B2,B1_standard,LinearRegression,StandardScaler,,,None,,,1,5.442039698395094,4.380418072693216,0.8998429058713001,5.347227421617121
B2_standard,B2 - Semua fitur + one-hot + StandardScaler,B2,B2,B1_standard,LinearRegression,StandardScaler,,,None,,,2,6.07563901269331,4.829245787379419,0.87526767794118,5.2761234271955395
B2_standard,B2 - Semua fitur + one-hot + StandardScaler,B2,B2,B1_standard,LinearRegression,StandardScaler,,,None,,,3,5.238214987004124,4.129837318777177,0.8960573252796553,5.361341470886696
B2_standard,B2 - Semua fitur + one-hot + StandardScaler,B2,B2,B1_standard,LinearRegression,StandardScaler,,,None,,,4,4.237986715895804,3.3592725996754185,0.930807182600585,5.458549497069466
B2_standard,B2 - Semua fitur + one-hot + StandardScaler,B2,B2,B1_standard,LinearRegression,StandardScaler,,,None,,,5,5.344760941426798,4.100826686933475,0.9193258551404411,5.353930386855492
B2_standard,B2 - Semua fitur + one-hot + StandardScaler,B2,B2,B1_standard,LinearRegression,StandardScaler,,,None,,,6,5.356161409549273,4.369600775380081,0.907620149343545,5.3512728307838175
B2_standard,B2 - Semua fitur + one-hot + StandardScaler,B2,B2,B1_standard,LinearRegression,StandardScaler,,,None,,,7,5.953852892337314,4.580315048644993,0.8841583075267575,5.284740266372093
B2_standard,B2 - Semua fitur + one-hot + StandardScaler,B2,B2,B1_standard,LinearRegression,StandardScaler,,,None,,,8,6.411289583378012,5.116961338310036,0.84909794106997,5.228555320851699
B2_standard,B2 - Semua fitur + one-hot + StandardScaler,B2,B2,B1_standard,LinearRegression,StandardScaler,,,None,,,9,5.48339939305331,4.2377108064148254,0.8822120326583843,5.335491786592919
B2_standard,B2 - Semua fitur + one-hot + StandardScaler,B2,B2,B1_standard,LinearRegression,StandardScaler,,,None,,,10,5.2724445059223575,4.238716846061797,0.8994971363672883,5.360193183057535
B3_standard,B3 - StandardScaler + Ridge(alpha=1),B3,B3,B2_standard,Ridge,StandardScaler,,,Ridge,1.0,,1,5.44310055898311,4.38211086725605,0.8998038532086924,5.3472762693273985
B3_standard,B3 - StandardScaler + Ridge(alpha=1),B3,B3,B2_standard,Ridge,StandardScaler,,,Ridge,1.0,,2,6.068861302776013,4.824819387095265,0.8755458142654785,5.276174154507754
B3_standard,B3 - StandardScaler + Ridge(alpha=1),B3,B3,B2_standard,Ridge,StandardScaler,,,Ridge,1.0,,3,5.236498298304303,4.129207648029152,0.8961254431314374,5.361396539278689
B3_standard,B3 - StandardScaler + Ridge(alpha=1),B3,B3,B2_standard,Ridge,StandardScaler,,,Ridge,1.0,,4,4.239982186357054,3.358937397032937,0.930742007913453,5.458598951437144
B3_standard,B3 - StandardScaler + Ridge(alpha=1),B3,B3,B2_standard,Ridge,StandardScaler,,,Ridge,1.0,,5,5.341560122067221,4.098118585486259,0.9194224529289454,5.353987695535678
B3_standard,B3 - StandardScaler + Ridge(alpha=1),B3,B3,B2_standard,Ridge,StandardScaler,,,Ridge,1.0,,6,5.355140263951627,4.366215255046557,0.9076553701960678,5.3513331428301285
B3_standard,B3 - StandardScaler + Ridge(alpha=1),B3,B3,B2_standard,Ridge,StandardScaler,,,Ridge,1.0,,7,5.9561157465139205,4.583136149332968,0.8840702359280099,5.2847950730440285
B3_standard,B3 - StandardScaler + Ridge(alpha=1),B3,B3,B2_standard,Ridge,StandardScaler,,,Ridge,1.0,,8,6.409609169043741,5.1159685998589515,0.8491770342844948,5.228611875880825
B3_standard,B3 - StandardScaler + Ridge(alpha=1),B3,B3,B2_standard,Ridge,StandardScaler,,,Ridge,1.0,,9,5.479001565841996,4.237314687821136,0.8824008948446692,5.335548417142694
B3_standard,B3 - StandardScaler + Ridge(alpha=1),B3,B3,B2_standard,Ridge,StandardScaler,,,Ridge,1.0,,10,5.273587808414617,4.239979865810173,0.8994535445826277,5.360247144432064
A1_k4,A1 - SelectKBest k=4,A1,A1,B2_standard,LinearRegression,StandardScaler,4.0,,None,,,1,7.0400220058046985,5.757364058430655,0.832387525358467,6.620079041400214
A1_k4,A1 - SelectKBest k=4,A1,A1,B2_standard,LinearRegression,StandardScaler,4.0,,None,,,2,6.969511747278618,5.314290948223084,0.8358655319282395,6.6276955415558465
A1_k4,A1 - SelectKBest k=4,A1,A1,B2_standard,LinearRegression,StandardScaler,4.0,,None,,,3,6.376909304836077,5.104454972187186,0.8459549557712558,6.69175461521793
A1_k4,A1 - SelectKBest k=4,A1,A1,B2_standard,LinearRegression,StandardScaler,4.0,,None,,,4,5.768666966429938,4.749487437781825,0.871798600270604,6.751807423599849
A1_k4,A1 - SelectKBest k=4,A1,A1,B2_standard,LinearRegression,StandardScaler,4.0,,None,,,5,6.615986880294915,5.197237314460592,0.8763861675504176,6.576361682544772
A1_k4,A1 - SelectKBest k=4,A1,A1,B2_standard,LinearRegression,StandardScaler,4.0,,None,,,6,6.751746929661182,5.329867933479108,0.8532080449164652,6.650996386296962
A1_k4,A1 - SelectKBest k=4,A1,A1,B2_standard,LinearRegression,StandardScaler,4.0,,None,,,7,7.238975998515978,5.484343289848229,0.8287530017403972,6.59518889781063
A1_k4,A1 - SelectKBest k=4,A1,A1,B2_standard,LinearRegression,StandardScaler,4.0,,None,,,8,7.708390356830513,5.937753263016109,0.7818617737542306,6.446000054888467
A1_k4,A1 - SelectKBest k=4,A1,A1,B2_standard,LinearRegression,StandardScaler,4.0,,None,,,9,7.061362992519952,5.78441870706443,0.8046658206339656,6.525161999699711
A1_k4,A1 - SelectKBest k=4,A1,A1,B2_standard,LinearRegression,StandardScaler,4.0,,None,,,10,6.927189024285493,5.725997787335668,0.8265123842059041,6.630632742643409
A1_k7,A1 - SelectKBest k=7,A1,A1,B2_standard,LinearRegression,StandardScaler,7.0,,None,,,1,5.497915686742089,4.452766400787827,0.8977756269629,5.36860711853027
A1_k7,A1 - SelectKBest k=7,A1,A1,B2_standard,LinearRegression,StandardScaler,7.0,,None,,,2,6.020713337034776,4.758743580266736,0.8775127222661271,5.3075334908251115
A1_k7,A1 - SelectKBest k=7,A1,A1,B2_standard,LinearRegression,StandardScaler,7.0,,None,,,3,5.226871918430951,4.150243087322988,0.896507002251147,5.396540742496849
A1_k7,A1 - SelectKBest k=7,A1,A1,B2_standard,LinearRegression,StandardScaler,7.0,,None,,,4,4.157122974947974,3.3061107093872986,0.9334224857478969,5.496713630626934
A1_k7,A1 - SelectKBest k=7,A1,A1,B2_standard,LinearRegression,StandardScaler,7.0,,None,,,5,5.308326263544967,4.0531712772571575,0.9204220006699948,5.3879952960872
A1_k7,A1 - SelectKBest k=7,A1,A1,B2_standard,LinearRegression,StandardScaler,7.0,,None,,,6,5.308298130558819,4.304686282011645,0.9092638065271338,5.388451286842429
A1_k7,A1 - SelectKBest k=7,A1,A1,B2_standard,LinearRegression,StandardScaler,7.0,,None,,,7,5.789612446003125,4.486673341821591,0.8904612752199436,5.331847228575764
A1_k7,A1 - SelectKBest k=7,A1,A1,B2_standard,LinearRegression,StandardScaler,7.0,,None,,,8,6.271389922472243,4.964010857358751,0.8556117056497341,5.274024534940895
A1_k7,A1 - SelectKBest k=7,A1,A1,B2_standard,LinearRegression,StandardScaler,7.0,,None,,,9,5.368809111593728,4.175186805361624,0.8870835817507365,5.380698034736283
A1_k7,A1 - SelectKBest k=7,A1,A1,B2_standard,LinearRegression,StandardScaler,7.0,,None,,,10,5.190990080859646,4.165476499198102,0.9025785028043245,5.3980451419549516
A1_k9,A1 - SelectKBest k=9,A1,A1,B2_standard,LinearRegression,StandardScaler,9.0,,None,,,1,5.496543114076986,4.449566737675495,0.8978266618909194,5.368140488337928
A1_k9,A1 - SelectKBest k=9,A1,A1,B2_standard,LinearRegression,StandardScaler,9.0,,None,,,2,6.051858598243676,4.813496441550979,0.8762421865952743,5.30208220246933
A1_k9,A1 - SelectKBest k=9,A1,A1,B2_standard,LinearRegression,StandardScaler,9.0,,None,,,3,5.21460780010146,4.132238298492228,0.8969920959484446,5.395497135854641
A1_k9,A1 - SelectKBest k=9,A1,A1,B2_standard,LinearRegression,StandardScaler,9.0,,None,,,4,4.170456995867738,3.3205122921070953,0.932994704466945,5.495732787037862
A1_k9,A1 - SelectKBest k=9,A1,A1,B2_standard,LinearRegression,StandardScaler,9.0,,None,,,5,5.352181913877075,4.073012158646405,0.9191016744018624,5.382190841900802
A1_k9,A1 - SelectKBest k=9,A1,A1,B2_standard,LinearRegression,StandardScaler,9.0,,None,,,6,5.316168268833219,4.307623574713422,0.9089945542197672,5.385316661510028
A1_k9,A1 - SelectKBest k=9,A1,A1,B2_standard,LinearRegression,StandardScaler,9.0,,None,,,7,5.791979943120955,4.47223961030423,0.8903716714196995,5.329075408289578
A1_k9,A1 - SelectKBest k=9,A1,A1,B2_standard,LinearRegression,StandardScaler,9.0,,None,,,8,6.300296628482668,5.009541467339234,0.8542775806314948,5.268357286864191
A1_k9,A1 - SelectKBest k=9,A1,A1,B2_standard,LinearRegression,StandardScaler,9.0,,None,,,9,5.364954731389218,4.170372961230376,0.8872456536629424,5.3785711356472
A1_k9,A1 - SelectKBest k=9,A1,A1,B2_standard,LinearRegression,StandardScaler,9.0,,None,,,10,5.201862984208224,4.183518688749835,0.9021699626803457,5.392713773313811
A1_k12,A1 - SelectKBest k=12,A1,A1,B2_standard,LinearRegression,StandardScaler,12.0,,None,,,1,5.438712343283226,4.365624003657286,0.8999653439120889,5.350728436480588
A1_k12,A1 - SelectKBest k=12,A1,A1,B2_standard,LinearRegression,StandardScaler,12.0,,None,,,2,6.0697794193307395,4.8145248982965025,0.8755081557705501,5.297819099863892
A1_k12,A1 - SelectKBest k=12,A1,A1,B2_standard,LinearRegression,StandardScaler,12.0,,None,,,3,5.229991473952437,4.15603114725625,0.8963834298730303,5.389778870801691
A1_k12,A1 - SelectKBest k=12,A1,A1,B2_standard,LinearRegression,StandardScaler,12.0,,None,,,4,4.159785469962378,3.300846998219403,0.9333371771986647,5.488830702509027
A1_k12,A1 - SelectKBest k=12,A1,A1,B2_standard,LinearRegression,StandardScaler,12.0,,None,,,5,5.325786152307002,4.041630253423159,0.9198976515782313,5.3786462609055254
A1_k12,A1 - SelectKBest k=12,A1,A1,B2_standard,LinearRegression,StandardScaler,12.0,,None,,,6,5.322153392522271,4.317459054868715,0.9087895247960047,5.382889413114129
A1_k12,A1 - SelectKBest k=12,A1,A1,B2_standard,LinearRegression,StandardScaler,12.0,,None,,,7,5.7788750337563695,4.492990046519141,0.8908671993818027,5.308681654071214
A1_k12,A1 - SelectKBest k=12,A1,A1,B2_standard,LinearRegression,StandardScaler,12.0,,None,,,8,6.425738303662403,5.149996212368397,0.8484170176891512,5.2553685883007715
A1_k12,A1 - SelectKBest k=12,A1,A1,B2_standard,LinearRegression,StandardScaler,12.0,,None,,,9,5.372850739308654,4.177954579840112,0.8869135112968665,5.374472716869517
A1_k12,A1 - SelectKBest k=12,A1,A1,B2_standard,LinearRegression,StandardScaler,12.0,,None,,,10,5.25282218989875,4.255589920499178,0.9002438219683397,5.371591841925445
A1_k15,A1 - SelectKBest k=15,A1,A1,B2_standard,LinearRegression,StandardScaler,15.0,,None,,,1,5.474601889276146,4.405305275708121,0.8986407494668507,5.348597698984261
A1_k15,A1 - SelectKBest k=15,A1,A1,B2_standard,LinearRegression,StandardScaler,15.0,,None,,,2,6.168353063212928,4.878138295756994,0.8714318097266791,5.289190918020415
A1_k15,A1 - SelectKBest k=15,A1,A1,B2_standard,LinearRegression,StandardScaler,15.0,,None,,,3,5.234917526069641,4.15427091055475,0.8961881481001871,5.387641953984747
A1_k15,A1 - SelectKBest k=15,A1,A1,B2_standard,LinearRegression,StandardScaler,15.0,,None,,,4,4.261049551241259,3.3798149252212966,0.930052048272858,5.460171232091806
A1_k15,A1 - SelectKBest k=15,A1,A1,B2_standard,LinearRegression,StandardScaler,15.0,,None,,,5,5.368447501499765,4.073095000029186,0.9186092179383432,5.370443279532347
A1_k15,A1 - SelectKBest k=15,A1,A1,B2_standard,LinearRegression,StandardScaler,15.0,,None,,,6,5.311722372159453,4.313472692162745,0.9091467057714014,5.359005251398811
A1_k15,A1 - SelectKBest k=15,A1,A1,B2_standard,LinearRegression,StandardScaler,15.0,,None,,,7,5.876219348351247,4.567826834082843,0.8871595805397705,5.299453116606596
A1_k15,A1 - SelectKBest k=15,A1,A1,B2_standard,LinearRegression,StandardScaler,15.0,,None,,,8,6.398469204129991,5.092136134386614,0.8497008423458978,5.236474000245959
A1_k15,A1 - SelectKBest k=15,A1,A1,B2_standard,LinearRegression,StandardScaler,15.0,,None,,,9,5.452464725557549,4.236669173180336,0.8835372884951909,5.346269237850992
A1_k15,A1 - SelectKBest k=15,A1,A1,B2_standard,LinearRegression,StandardScaler,15.0,,None,,,10,5.2782457478325995,4.264619087467091,0.8992758491891688,5.36627274602657
A1_kall,A1 - Tanpa feature selection (kontrol integritas pipeline),A1,A1,B2_standard,LinearRegression,StandardScaler,,,None,,,1,5.442039698395094,4.380418072693216,0.8998429058713001,5.347227421617121
A1_kall,A1 - Tanpa feature selection (kontrol integritas pipeline),A1,A1,B2_standard,LinearRegression,StandardScaler,,,None,,,2,6.07563901269331,4.829245787379419,0.87526767794118,5.2761234271955395
A1_kall,A1 - Tanpa feature selection (kontrol integritas pipeline),A1,A1,B2_standard,LinearRegression,StandardScaler,,,None,,,3,5.238214987004124,4.129837318777177,0.8960573252796553,5.361341470886696
A1_kall,A1 - Tanpa feature selection (kontrol integritas pipeline),A1,A1,B2_standard,LinearRegression,StandardScaler,,,None,,,4,4.237986715895804,3.3592725996754185,0.930807182600585,5.458549497069466
A1_kall,A1 - Tanpa feature selection (kontrol integritas pipeline),A1,A1,B2_standard,LinearRegression,StandardScaler,,,None,,,5,5.344760941426798,4.100826686933475,0.9193258551404411,5.353930386855492
A1_kall,A1 - Tanpa feature selection (kontrol integritas pipeline),A1,A1,B2_standard,LinearRegression,StandardScaler,,,None,,,6,5.356161409549273,4.369600775380081,0.907620149343545,5.3512728307838175
A1_kall,A1 - Tanpa feature selection (kontrol integritas pipeline),A1,A1,B2_standard,LinearRegression,StandardScaler,,,None,,,7,5.953852892337314,4.580315048644993,0.8841583075267575,5.284740266372093
A1_kall,A1 - Tanpa feature selection (kontrol integritas pipeline),A1,A1,B2_standard,LinearRegression,StandardScaler,,,None,,,8,6.411289583378012,5.116961338310036,0.84909794106997,5.228555320851699
A1_kall,A1 - Tanpa feature selection (kontrol integritas pipeline),A1,A1,B2_standard,LinearRegression,StandardScaler,,,None,,,9,5.48339939305331,4.2377108064148254,0.8822120326583843,5.335491786592919
A1_kall,A1 - Tanpa feature selection (kontrol integritas pipeline),A1,A1,B2_standard,LinearRegression,StandardScaler,,,None,,,10,5.2724445059223575,4.238716846061797,0.8994971363672883,5.360193183057535
A2_PCA_80,A2 - PCA 80% explained variance,A2,A2,B2_standard,LinearRegression,StandardScaler,,0.8,None,,,1,5.473548019226268,4.4441062033549095,0.8986797693624013,5.376215499474899
A2_PCA_80,A2 - PCA 80% explained variance,A2,A2,B2_standard,LinearRegression,StandardScaler,,0.8,None,,,2,6.114508206357987,4.891167526639745,0.8736666107243418,5.312631681771086
A2_PCA_80,A2 - PCA 80% explained variance,A2,A2,B2_standard,LinearRegression,StandardScaler,,0.8,None,,,3,5.241770886887054,4.164922450583202,0.8959161568860806,5.417738186209262
A2_PCA_80,A2 - PCA 80% explained variance,A2,A2,B2_standard,LinearRegression,StandardScaler,,0.8,None,,,4,4.112430565511925,3.2521861162881875,0.9348463141917075,5.5124950708978515
A2_PCA_80,A2 - PCA 80% explained variance,A2,A2,B2_standard,LinearRegression,StandardScaler,,0.8,None,,,5,5.4125957638601925,4.132499808588356,0.9172650541100571,5.406903720042099
A2_PCA_80,A2 - PCA 80% explained variance,A2,A2,B2_standard,LinearRegression,StandardScaler,,0.8,None,,,6,5.302581013725463,4.28580257051785,0.9094591497636618,5.413481560833588
A2_PCA_80,A2 - PCA 80% explained variance,A2,A2,B2_standard,LinearRegression,StandardScaler,,0.8,None,,,7,5.7992592855862615,4.495416769678836,0.8900959371694571,5.340590690793445
A2_PCA_80,A2 - PCA 80% explained variance,A2,A2,B2_standard,LinearRegression,StandardScaler,,0.8,None,,,8,6.312494222495797,5.044547812206678,0.8537127870574531,5.281439325551114
A2_PCA_80,A2 - PCA 80% explained variance,A2,A2,B2_standard,LinearRegression,StandardScaler,,0.8,None,,,9,5.374497277979342,4.191227051296775,0.8868441887651218,5.392971038690033
A2_PCA_80,A2 - PCA 80% explained variance,A2,A2,B2_standard,LinearRegression,StandardScaler,,0.8,None,,,10,5.2153621736405915,4.189727075402934,0.9016615526097491,5.411324092154138
A2_PCA_90,A2 - PCA 90% explained variance,A2,A2,B2_standard,LinearRegression,StandardScaler,,0.9,None,,,1,5.4451674182495,4.4239959011309145,0.8997277456113163,5.372076580579203
A2_PCA_90,A2 - PCA 90% explained variance,A2,A2,B2_standard,LinearRegression,StandardScaler,,0.9,None,,,2,6.071767701813355,4.849501697324118,0.8754265826269545,5.30803171621841
A2_PCA_90,A2 - PCA 90% explained variance,A2,A2,B2_standard,LinearRegression,StandardScaler,,0.9,None,,,3,5.285476593308693,4.186021894874406,0.8941732257532562,5.384057943277975
A2_PCA_90,A2 - PCA 90% explained variance,A2,A2,B2_standard,LinearRegression,StandardScaler,,0.9,None,,,4,4.16493220837282,3.3051929810011758,0.9331721165902375,5.50365943514845
A2_PCA_90,A2 - PCA 90% explained variance,A2,A2,B2_standard,LinearRegression,StandardScaler,,0.9,None,,,5,5.348528668814205,4.10183250950826,0.9192120744403206,5.391239158453787
A2_PCA_90,A2 - PCA 90% explained variance,A2,A2,B2_standard,LinearRegression,StandardScaler,,0.9,None,,,6,5.28671347893733,4.272245750005619,0.910000211010611,5.392790731433432
A2_PCA_90,A2 - PCA 90% explained variance,A2,A2,B2_standard,LinearRegression,StandardScaler,,0.9,None,,,7,5.879931067591631,4.592427499437867,0.8870169840133451,5.319762910502618
A2_PCA_90,A2 - PCA 90% explained variance,A2,A2,B2_standard,LinearRegression,StandardScaler,,0.9,None,,,8,6.290602958416251,5.024347579723804,0.8547256542484734,5.274353332103491
A2_PCA_90,A2 - PCA 90% explained variance,A2,A2,B2_standard,LinearRegression,StandardScaler,,0.9,None,,,9,5.430230815318561,4.220212616738763,0.8844851687908484,5.375137513684546
A2_PCA_90,A2 - PCA 90% explained variance,A2,A2,B2_standard,LinearRegression,StandardScaler,,0.9,None,,,10,5.238383899084776,4.224251699193147,0.900791462527279,5.396995296704088
A2_PCA_95,A2 - PCA 95% explained variance,A2,A2,B2_standard,LinearRegression,StandardScaler,,0.95,None,,,1,5.450847735247325,4.38915098163257,0.8995184314672486,5.353082985799795
A2_PCA_95,A2 - PCA 95% explained variance,A2,A2,B2_standard,LinearRegression,StandardScaler,,0.95,None,,,2,6.060220789588433,4.776851139785892,0.8758999441322147,5.282554800038643
A2_PCA_95,A2 - PCA 95% explained variance,A2,A2,B2_standard,LinearRegression,StandardScaler,,0.95,None,,,3,5.234619923726515,4.127606753125212,0.8961999510644337,5.373263253804374
A2_PCA_95,A2 - PCA 95% explained variance,A2,A2,B2_standard,LinearRegression,StandardScaler,,0.95,None,,,4,4.257593596986497,3.3864427779109065,0.9301654658181182,5.467620395152007
A2_PCA_95,A2 - PCA 95% explained variance,A2,A2,B2_standard,LinearRegression,StandardScaler,,0.95,None,,,5,5.269629291737689,4.054979865472434,0.921577997171116,5.373304782238969
A2_PCA_95,A2 - PCA 95% explained variance,A2,A2,B2_standard,LinearRegression,StandardScaler,,0.95,None,,,6,5.259031692370437,4.289260279937625,0.9109402401844213,5.368950743773278
A2_PCA_95,A2 - PCA 95% explained variance,A2,A2,B2_standard,LinearRegression,StandardScaler,,0.95,None,,,7,5.8576176789367596,4.54739994829099,0.8878728615601643,5.304800383395078
A2_PCA_95,A2 - PCA 95% explained variance,A2,A2,B2_standard,LinearRegression,StandardScaler,,0.95,None,,,8,6.371439948283731,5.071345205710648,0.8509679872322311,5.2456484712072164
A2_PCA_95,A2 - PCA 95% explained variance,A2,A2,B2_standard,LinearRegression,StandardScaler,,0.95,None,,,9,5.414123999006288,4.21646371777762,0.8851694184544724,5.357430551773597
A2_PCA_95,A2 - PCA 95% explained variance,A2,A2,B2_standard,LinearRegression,StandardScaler,,0.95,None,,,10,5.31563431371513,4.296032285937619,0.8978438319026802,5.368952749997581
A2_PCA_99,A2 - PCA 99% explained variance,A2,A2,B2_standard,LinearRegression,StandardScaler,,0.99,None,,,1,5.456051163845062,4.389876437766389,0.8993264986704831,5.347582174512652
A2_PCA_99,A2 - PCA 99% explained variance,A2,A2,B2_standard,LinearRegression,StandardScaler,,0.99,None,,,2,6.060076421644834,4.816013627194861,0.8759058567407113,5.276285911227163
A2_PCA_99,A2 - PCA 99% explained variance,A2,A2,B2_standard,LinearRegression,StandardScaler,,0.99,None,,,3,5.218436831982647,4.0929010758180535,0.8968407651587893,5.365647436665399
A2_PCA_99,A2 - PCA 99% explained variance,A2,A2,B2_standard,LinearRegression,StandardScaler,,0.99,None,,,4,4.257581752700726,3.361390123605613,0.9301658543657849,5.459472244734063
A2_PCA_99,A2 - PCA 99% explained variance,A2,A2,B2_standard,LinearRegression,StandardScaler,,0.99,None,,,5,5.319465897822187,4.080320278358846,0.9200876580155464,5.359846518640515
A2_PCA_99,A2 - PCA 99% explained variance,A2,A2,B2_standard,LinearRegression,StandardScaler,,0.99,None,,,6,5.296890429696856,4.2970225519968235,0.9096533773858178,5.359562590000554
A2_PCA_99,A2 - PCA 99% explained variance,A2,A2,B2_standard,LinearRegression,StandardScaler,,0.99,None,,,7,5.9569343792396054,4.588721007497959,0.8840383660232672,5.287341247992289
A2_PCA_99,A2 - PCA 99% explained variance,A2,A2,B2_standard,LinearRegression,StandardScaler,,0.99,None,,,8,6.401007107489238,5.106414098558178,0.8495815887014764,5.233106491908165
A2_PCA_99,A2 - PCA 99% explained variance,A2,A2,B2_standard,LinearRegression,StandardScaler,,0.99,None,,,9,5.474599161137531,4.231499916635894,0.8825898018390312,5.339453876003354
A2_PCA_99,A2 - PCA 99% explained variance,A2,A2,B2_standard,LinearRegression,StandardScaler,,0.99,None,,,10,5.26997699127841,4.243217534633801,0.899591185439611,5.363030512286028
A3_Ridge_alpha_0.0001,A3 - Ridge alpha=0.0001,A3,A3,B2_standard,Ridge,StandardScaler,,,Ridge,0.0001,,1,5.442039801212381,4.38041824337156,0.8998429020867336,5.34722742161761
A3_Ridge_alpha_0.0001,A3 - Ridge alpha=0.0001,A3,A3,B2_standard,Ridge,StandardScaler,,,Ridge,0.0001,,2,6.0756383266285985,4.8292453416124586,0.875267706110872,5.276123427196049
A3_Ridge_alpha_0.0001,A3 - Ridge alpha=0.0001,A3,A3,B2_standard,Ridge,StandardScaler,,,Ridge,0.0001,,3,5.238214807383112,4.129837249927334,0.8960573324081478,5.361341470887253
A3_Ridge_alpha_0.0001,A3 - Ridge alpha=0.0001,A3,A3,B2_standard,Ridge,StandardScaler,,,Ridge,0.0001,,4,4.237986911682932,3.3592725654989493,0.9308071762074251,5.4585494970699635
A3_Ridge_alpha_0.0001,A3 - Ridge alpha=0.0001,A3,A3,B2_standard,Ridge,StandardScaler,,,Ridge,0.0001,,5,5.34476060801894,4.100826361813479,0.9193258652053974,5.353930386856072
A3_Ridge_alpha_0.0001,A3 - Ridge alpha=0.0001,A3,A3,B2_standard,Ridge,StandardScaler,,,Ridge,0.0001,,6,5.356161290704671,4.3696004267154915,0.9076201534430653,5.3512728307844295
A3_Ridge_alpha_0.0001,A3 - Ridge alpha=0.0001,A3,A3,B2_standard,Ridge,StandardScaler,,,Ridge,0.0001,,7,5.953853111562565,4.580315331147096,0.8841582989960044,5.284740266372645
A3_Ridge_alpha_0.0001,A3 - Ridge alpha=0.0001,A3,A3,B2_standard,Ridge,StandardScaler,,,Ridge,0.0001,,8,6.411289407799118,5.116961236141652,0.8490979493351454,5.22855532085227
A3_Ridge_alpha_0.0001,A3 - Ridge alpha=0.0001,A3,A3,B2_standard,Ridge,StandardScaler,,,Ridge,0.0001,,9,5.483398944323996,4.237710765591472,0.8822120519365393,5.335491786593492
A3_Ridge_alpha_0.0001,A3 - Ridge alpha=0.0001,A3,A3,B2_standard,Ridge,StandardScaler,,,Ridge,0.0001,,10,5.272444614765108,4.2387169686566075,0.8994971322177868,5.360193183058079
A3_Ridge_alpha_0.001,A3 - Ridge alpha=0.001,A3,A3,B2_standard,Ridge,StandardScaler,,,Ridge,0.001,,1,5.442040726597085,4.380419779463698,0.8998428680245592,5.347227421666169
A3_Ridge_alpha_0.001,A3 - Ridge alpha=0.001,A3,A3,B2_standard,Ridge,StandardScaler,,,Ridge,0.001,,2,6.075632152121872,4.829241329738783,0.8752679596348492,5.276123427246474
A3_Ridge_alpha_0.001,A3 - Ridge alpha=0.001,A3,A3,B2_standard,Ridge,StandardScaler,,,Ridge,0.001,,3,5.238213190866859,4.129836630333756,0.8960573965616779,5.361341470942336
A3_Ridge_alpha_0.001,A3 - Ridge alpha=0.001,A3,A3,B2_standard,Ridge,StandardScaler,,,Ridge,0.001,,4,4.2379886738005075,3.3592722579166896,0.9308071186678817,5.458549497119185
A3_Ridge_alpha_0.001,A3 - Ridge alpha=0.001,A3,A3,B2_standard,Ridge,StandardScaler,,,Ridge,0.001,,5,5.344757607470495,4.1008234357674285,0.9193259557862857,5.353930386913538
A3_Ridge_alpha_0.001,A3 - Ridge alpha=0.001,A3,A3,B2_standard,Ridge,StandardScaler,,,Ridge,0.001,,6,5.35616022125802,4.369597288828373,0.9076201903334061,5.351272830845086
A3_Ridge_alpha_0.001,A3 - Ridge alpha=0.001,A3,A3,B2_standard,Ridge,StandardScaler,,,Ridge,0.001,,7,5.953855084654044,4.580317873662353,0.8841582222167131,5.284740266427331
A3_Ridge_alpha_0.001,A3 - Ridge alpha=0.001,A3,A3,B2_standard,Ridge,StandardScaler,,,Ridge,0.001,,8,6.411287827658123,5.116960316652905,0.8490980237184627,5.22855532090884
A3_Ridge_alpha_0.001,A3 - Ridge alpha=0.001,A3,A3,B2_standard,Ridge,StandardScaler,,,Ridge,0.001,,9,5.483394905841807,4.2377103981924815,0.8822122254363557,5.335491786650113
A3_Ridge_alpha_0.001,A3 - Ridge alpha=0.001,A3,A3,B2_standard,Ridge,StandardScaler,,,Ridge,0.001,,10,5.2724455943996675,4.238718072022211,0.8994970948703707,5.360193183111912
A3_Ridge_alpha_0.01,A3 - Ridge alpha=0.01,A3,A3,B2_standard,Ridge,StandardScaler,,,Ridge,0.01,,1,5.4420499833270775,4.380435139103728,0.8998425272963793,5.347227426521749
A3_Ridge_alpha_0.01,A3 - Ridge alpha=0.01,A3,A3,B2_standard,Ridge,StandardScaler,,,Ridge,0.01,,2,6.075570414547627,4.82920121387,0.8752704945527918,5.276123432288764
A3_Ridge_alpha_0.01,A3 - Ridge alpha=0.01,A3,A3,B2_standard,Ridge,StandardScaler,,,Ridge,0.01,,3,5.238197032917795,4.129830439845148,0.8960580378096151,5.3613414764501925
A3_Ridge_alpha_0.01,A3 - Ridge alpha=0.01,A3,A3,B2_standard,Ridge,StandardScaler,,,Ridge,0.01,,4,4.238006298291585,3.3592691826896606,0.9308065431628724,5.458549502041013
A3_Ridge_alpha_0.01,A3 - Ridge alpha=0.01,A3,A3,B2_standard,Ridge,StandardScaler,,,Ridge,0.01,,5,5.344727614087254,4.100794178659571,0.9193268612270612,5.353930392659497
A3_Ridge_alpha_0.01,A3 - Ridge alpha=0.01,A3,A3,B2_standard,Ridge,StandardScaler,,,Ridge,0.01,,6,5.356149542105604,4.36956591927774,0.9076205587081535,5.351272836909719
A3_Ridge_alpha_0.01,A3 - Ridge alpha=0.01,A3,A3,B2_standard,Ridge,StandardScaler,,,Ridge,0.01,,7,5.953874821924366,4.580343298449493,0.8841574541750864,5.28474027189553
A3_Ridge_alpha_0.01,A3 - Ridge alpha=0.01,A3,A3,B2_standard,Ridge,StandardScaler,,,Ridge,0.01,,8,6.411272033082262,5.116951124409293,0.8490987672289212,5.2285553265652736
A3_Ridge_alpha_0.01,A3 - Ridge alpha=0.01,A3,A3,B2_standard,Ridge,StandardScaler,,,Ridge,0.01,,9,5.483354529104044,4.237706725310323,0.8822139600801875,5.335491792311796
A3_Ridge_alpha_0.01,A3 - Ridge alpha=0.01,A3,A3,B2_standard,Ridge,StandardScaler,,,Ridge,0.01,,10,5.272455395672204,4.238729106894349,0.8994967212079926,5.360193188494897
A3_Ridge_alpha_0.1,A3 - Ridge alpha=0.1,A3,A3,B2_standard,Ridge,StandardScaler,,,Ridge,0.1,,1,5.442142839238408,4.380588607732103,0.8998391093591033,5.3472279118975115
A3_Ridge_alpha_0.1,A3 - Ridge alpha=0.1,A3,A3,B2_standard,Ridge,StandardScaler,,,Ridge,0.1,,2,6.074953787035909,4.82880034112703,0.8752958115967365,5.276123936329859
A3_Ridge_alpha_0.1,A3 - Ridge alpha=0.1,A3,A3,B2_standard,Ridge,StandardScaler,,,Ridge,0.1,,3,5.238036173442788,4.1297690775349345,0.8960644216064202,5.361342026703455
A3_Ridge_alpha_0.1,A3 - Ridge alpha=0.1,A3,A3,B2_standard,Ridge,StandardScaler,,,Ridge,0.1,,4,4.238182875105515,3.3592384898637406,0.9308007771428035,5.4585499939823805
A3_Ridge_alpha_0.1,A3 - Ridge alpha=0.1,A3,A3,B2_standard,Ridge,StandardScaler,,,Ridge,0.1,,5,5.344428888011184,4.1005019418852715,0.9193358788977295,5.353930966566634
A3_Ridge_alpha_0.1,A3 - Ridge alpha=0.1,A3,A3,B2_standard,Ridge,StandardScaler,,,Ridge,0.1,,6,5.356044277753846,4.36925315260275,0.9076241897368884,5.351273442479114
A3_Ridge_alpha_0.1,A3 - Ridge alpha=0.1,A3,A3,B2_standard,Ridge,StandardScaler,,,Ridge,0.1,,7,5.954072829523639,4.580597509946976,0.8841497489120442,5.284740818317683
A3_Ridge_alpha_0.1,A3 - Ridge alpha=0.1,A3,A3,B2_standard,Ridge,StandardScaler,,,Ridge,0.1,,8,6.411114769509947,5.116859465686483,0.8491061701205018,5.22855589166408
A3_Ridge_alpha_0.1,A3 - Ridge alpha=0.1,A3,A3,B2_standard,Ridge,StandardScaler,,,Ridge,0.1,,9,5.482951568976537,4.237670106971061,0.8822312711380198,5.335492357957289
A3_Ridge_alpha_0.1,A3 - Ridge alpha=0.1,A3,A3,B2_standard,Ridge,StandardScaler,,,Ridge,0.1,,10,5.272553900708245,4.238839576715367,0.8994929657768554,5.360193726408858
A3_Ridge_alpha_1,A3 - Ridge alpha=1,A3,A3,B2_standard,Ridge,StandardScaler,,,Ridge,1.0,,1,5.44310055898311,4.38211086725605,0.8998038532086924,5.3472762693273985
A3_Ridge_alpha_1,A3 - Ridge alpha=1,A3,A3,B2_standard,Ridge,StandardScaler,,,Ridge,1.0,,2,6.068861302776013,4.824819387095265,0.8755458142654785,5.276174154507754
A3_Ridge_alpha_1,A3 - Ridge alpha=1,A3,A3,B2_standard,Ridge,StandardScaler,,,Ridge,1.0,,3,5.236498298304303,4.129207648029152,0.8961254431314374,5.361396539278689
A3_Ridge_alpha_1,A3 - Ridge alpha=1,A3,A3,B2_standard,Ridge,StandardScaler,,,Ridge,1.0,,4,4.239982186357054,3.358937397032937,0.930742007913453,5.458598951437144
A3_Ridge_alpha_1,A3 - Ridge alpha=1,A3,A3,B2_standard,Ridge,StandardScaler,,,Ridge,1.0,,5,5.341560122067221,4.098118585486259,0.9194224529289454,5.353987695535678
A3_Ridge_alpha_1,A3 - Ridge alpha=1,A3,A3,B2_standard,Ridge,StandardScaler,,,Ridge,1.0,,6,5.355140263951627,4.366215255046557,0.9076553701960678,5.3513331428301285
A3_Ridge_alpha_1,A3 - Ridge alpha=1,A3,A3,B2_standard,Ridge,StandardScaler,,,Ridge,1.0,,7,5.9561157465139205,4.583136149332968,0.8840702359280099,5.2847950730440285
A3_Ridge_alpha_1,A3 - Ridge alpha=1,A3,A3,B2_standard,Ridge,StandardScaler,,,Ridge,1.0,,8,6.409609169043741,5.1159685998589515,0.8491770342844948,5.228611875880825
A3_Ridge_alpha_1,A3 - Ridge alpha=1,A3,A3,B2_standard,Ridge,StandardScaler,,,Ridge,1.0,,9,5.479001565841996,4.237314687821136,0.8824008948446692,5.335548417142694
A3_Ridge_alpha_1,A3 - Ridge alpha=1,A3,A3,B2_standard,Ridge,StandardScaler,,,Ridge,1.0,,10,5.273587808414617,4.239979865810173,0.8994535445826277,5.360247144432064
A3_Ridge_alpha_10,A3 - Ridge alpha=10,A3,A3,B2_standard,Ridge,StandardScaler,,,Ridge,10.0,,1,5.455780220470963,4.39635095717105,0.899336497162081,5.351947387760606
A3_Ridge_alpha_10,A3 - Ridge alpha=10,A3,A3,B2_standard,Ridge,StandardScaler,,,Ridge,10.0,,2,6.014552045549269,4.787185301945349,0.8777632884793671,5.2810244244973275
A3_Ridge_alpha_10,A3 - Ridge alpha=10,A3,A3,B2_standard,Ridge,StandardScaler,,,Ridge,10.0,,3,5.227254400245426,4.127310088361152,0.896491855280458,5.366467735797411
A3_Ridge_alpha_10,A3 - Ridge alpha=10,A3,A3,B2_standard,Ridge,StandardScaler,,,Ridge,10.0,,4,4.261547217524279,3.3608950057181657,0.9300357082751322,5.463292202925162
A3_Ridge_alpha_10,A3 - Ridge alpha=10,A3,A3,B2_standard,Ridge,StandardScaler,,,Ridge,10.0,,5,5.323034073370502,4.082908354280121,0.9199804153324417,5.359182208901508
A3_Ridge_alpha_10,A3 - Ridge alpha=10,A3,A3,B2_standard,Ridge,StandardScaler,,,Ridge,10.0,,6,5.357963119739524,4.350909495433757,0.9075579892630407,5.35669972592599
A3_Ridge_alpha_10,A3 - Ridge alpha=10,A3,A3,B2_standard,Ridge,StandardScaler,,,Ridge,10.0,,7,5.982260268160802,4.611107270215621,0.8830502489016101,5.289907176849922
A3_Ridge_alpha_10,A3 - Ridge alpha=10,A3,A3,B2_standard,Ridge,StandardScaler,,,Ridge,10.0,,8,6.400358017834504,5.116826499483211,0.8496120933026147,5.233814926699276
A3_Ridge_alpha_10,A3 - Ridge alpha=10,A3,A3,B2_standard,Ridge,StandardScaler,,,Ridge,10.0,,9,5.446593245658841,4.237239713431906,0.8837879788984477,5.340769512373848
A3_Ridge_alpha_10,A3 - Ridge alpha=10,A3,A3,B2_standard,Ridge,StandardScaler,,,Ridge,10.0,,10,5.288503457331554,4.268775669097733,0.8988839754173734,5.365293338091596
A3_Ridge_alpha_100,A3 - Ridge alpha=100,A3,A3,B2_standard,Ridge,StandardScaler,,,Ridge,100.0,,1,5.849623080236764,4.753535252902636,0.8842784955023588,5.700481503791087
A3_Ridge_alpha_100,A3 - Ridge alpha=100,A3,A3,B2_standard,Ridge,StandardScaler,,,Ridge,100.0,,2,5.908056752054687,4.760746278875992,0.8820536786810642,5.640898214845703
A3_Ridge_alpha_100,A3 - Ridge alpha=100,A3,A3,B2_standard,Ridge,StandardScaler,,,Ridge,100.0,,3,5.485038471708916,4.397220150142329,0.8860310343708255,5.723820146220844
A3_Ridge_alpha_100,A3 - Ridge alpha=100,A3,A3,B2_standard,Ridge,StandardScaler,,,Ridge,100.0,,4,4.770817433197653,3.791494060713228,0.9123145717109283,5.80850095514134
A3_Ridge_alpha_100,A3 - Ridge alpha=100,A3,A3,B2_standard,Ridge,StandardScaler,,,Ridge,100.0,,5,5.675592290348706,4.299502817890518,0.9090295839846213,5.714307868169441
A3_Ridge_alpha_100,A3 - Ridge alpha=100,A3,A3,B2_standard,Ridge,StandardScaler,,,Ridge,100.0,,6,5.84115848778315,4.731719316589872,0.8901328335965363,5.713669498437484
A3_Ridge_alpha_100,A3 - Ridge alpha=100,A3,A3,B2_standard,Ridge,StandardScaler,,,Ridge,100.0,,7,6.547620985340237,5.098366980089989,0.8599007668442417,5.650819631174311
A3_Ridge_alpha_100,A3 - Ridge alpha=100,A3,A3,B2_standard,Ridge,StandardScaler,,,Ridge,100.0,,8,6.616502428617241,5.281680821312535,0.8392831798820751,5.5970613866177485
A3_Ridge_alpha_100,A3 - Ridge alpha=100,A3,A3,B2_standard,Ridge,StandardScaler,,,Ridge,100.0,,9,5.53996678392033,4.353127759917221,0.8797692684401418,5.704652506548583
A3_Ridge_alpha_100,A3 - Ridge alpha=100,A3,A3,B2_standard,Ridge,StandardScaler,,,Ridge,100.0,,10,5.7346702002801635,4.690897039866361,0.8811028909132236,5.726513658138552
A3_Lasso_alpha_0.0001,A3 - Lasso alpha=0.0001,A3,A3,B2_standard,Lasso,StandardScaler,,,Lasso,0.0001,,1,5.442179890584748,4.380566483100234,0.8998377455182077,5.347227523435612
A3_Lasso_alpha_0.0001,A3 - Lasso alpha=0.0001,A3,A3,B2_standard,Lasso,StandardScaler,,,Lasso,0.0001,,2,6.075329878914821,4.828913466215167,0.8752803705955593,5.276123509484712
A3_Lasso_alpha_0.0001,A3 - Lasso alpha=0.0001,A3,A3,B2_standard,Lasso,StandardScaler,,,Lasso,0.0001,,3,5.238137721536121,4.1297846486274565,0.8960603916372586,5.361341575522766
A3_Lasso_alpha_0.0001,A3 - Lasso alpha=0.0001,A3,A3,B2_standard,Lasso,StandardScaler,,,Lasso,0.0001,,4,4.238058379861537,3.3592960603271855,0.9308048424924382,5.458549598705068
A3_Lasso_alpha_0.0001,A3 - Lasso alpha=0.0001,A3,A3,B2_standard,Lasso,StandardScaler,,,Lasso,0.0001,,5,5.344636474539701,4.100711199353112,0.9193296125181315,5.353930491564994
A3_Lasso_alpha_0.0001,A3 - Lasso alpha=0.0001,A3,A3,B2_standard,Lasso,StandardScaler,,,Lasso,0.0001,,6,5.355964393100242,4.369420986204179,0.9076269452609991,5.351272937607922
A3_Lasso_alpha_0.0001,A3 - Lasso alpha=0.0001,A3,A3,B2_standard,Lasso,StandardScaler,,,Lasso,0.0001,,7,5.953704483506039,4.580308713154852,0.8841640825152352,5.284740358056397
A3_Lasso_alpha_0.0001,A3 - Lasso alpha=0.0001,A3,A3,B2_standard,Lasso,StandardScaler,,,Lasso,0.0001,,8,6.411138964592734,5.116813238673302,0.849105031193583,5.228555413594326
A3_Lasso_alpha_0.0001,A3 - Lasso alpha=0.0001,A3,A3,B2_standard,Lasso,StandardScaler,,,Lasso,0.0001,,9,5.483165326906685,4.23762603468915,0.8822220883137264,5.335491870950317
A3_Lasso_alpha_0.0001,A3 - Lasso alpha=0.0001,A3,A3,B2_standard,Lasso,StandardScaler,,,Lasso,0.0001,,10,5.272452051909831,4.238715912258493,0.8994968486852115,5.360193272274136
A3_Lasso_alpha_0.001,A3 - Lasso alpha=0.001,A3,A3,B2_standard,Lasso,StandardScaler,,,Lasso,0.001,,1,5.443478828971659,4.381920691891469,0.8997899263991961,5.347237727732073
A3_Lasso_alpha_0.001,A3 - Lasso alpha=0.001,A3,A3,B2_standard,Lasso,StandardScaler,,,Lasso,0.001,,2,6.072555130516505,4.825921761414376,0.875394269452283,5.276131650272392
A3_Lasso_alpha_0.001,A3 - Lasso alpha=0.001,A3,A3,B2_standard,Lasso,StandardScaler,,,Lasso,0.001,,3,5.237448820710264,4.129308284705043,0.8960877293581404,5.361351885907264
A3_Lasso_alpha_0.001,A3 - Lasso alpha=0.001,A3,A3,B2_standard,Lasso,StandardScaler,,,Lasso,0.001,,4,4.238713366890558,3.3595039081052027,0.9307834527762984,5.458559734803005
A3_Lasso_alpha_0.001,A3 - Lasso alpha=0.001,A3,A3,B2_standard,Lasso,StandardScaler,,,Lasso,0.001,,5,5.343532567451579,4.0996764276543285,0.9193629331813004,5.353940793431699
A3_Lasso_alpha_0.001,A3 - Lasso alpha=0.001,A3,A3,B2_standard,Lasso,StandardScaler,,,Lasso,0.001,,6,5.354188726133545,4.367794122244087,0.907688184126836,5.3512835773046135
A3_Lasso_alpha_0.001,A3 - Lasso alpha=0.001,A3,A3,B2_standard,Lasso,StandardScaler,,,Lasso,0.001,,7,5.952369607649317,4.580259091302087,0.8842160196698801,5.284749452158768
A3_Lasso_alpha_0.001,A3 - Lasso alpha=0.001,A3,A3,B2_standard,Lasso,StandardScaler,,,Lasso,0.001,,8,6.409789236134438,5.115492718373363,0.8491685599349945,5.228564592085138
A3_Lasso_alpha_0.001,A3 - Lasso alpha=0.001,A3,A3,B2_standard,Lasso,StandardScaler,,,Lasso,0.001,,9,5.481068831564611,4.236866323148973,0.8823121361686712,5.335500242742542
A3_Lasso_alpha_0.001,A3 - Lasso alpha=0.001,A3,A3,B2_standard,Lasso,StandardScaler,,,Lasso,0.001,,10,5.272528875839017,4.238704901413557,0.8994939198380055,5.36020208769553
A3_Lasso_alpha_0.01,A3 - Lasso alpha=0.01,A3,A3,B2_standard,Lasso,StandardScaler,,,Lasso,0.01,,1,5.45416665297113,4.39372339596717,0.8993960315754133,5.348135257547463
A3_Lasso_alpha_0.01,A3 - Lasso alpha=0.01,A3,A3,B2_standard,Lasso,StandardScaler,,,Lasso,0.01,,2,6.0492300472067395,4.799404952436113,0.8763496686448361,5.276830895631246
A3_Lasso_alpha_0.01,A3 - Lasso alpha=0.01,A3,A3,B2_standard,Lasso,StandardScaler,,,Lasso,0.01,,3,5.228376126075214,4.124761359865649,0.8964474265197666,5.362274722970589
A3_Lasso_alpha_0.01,A3 - Lasso alpha=0.01,A3,A3,B2_standard,Lasso,StandardScaler,,,Lasso,0.01,,4,4.247019832087455,3.3625663081123442,0.9305119042468926,5.4594436719983745
A3_Lasso_alpha_0.01,A3 - Lasso alpha=0.01,A3,A3,B2_standard,Lasso,StandardScaler,,,Lasso,0.01,,5,5.333449230046588,4.0902160133940715,0.9196669730963736,5.3549655836417
A3_Lasso_alpha_0.01,A3 - Lasso alpha=0.01,A3,A3,B2_standard,Lasso,StandardScaler,,,Lasso,0.01,,6,5.337701098946975,4.3516538756509275,0.9082558366560223,5.35232723992075
A3_Lasso_alpha_0.01,A3 - Lasso alpha=0.01,A3,A3,B2_standard,Lasso,StandardScaler,,,Lasso,0.01,,7,5.939965197221933,4.579599992817897,0.8846980917162399,5.285656625659733
A3_Lasso_alpha_0.01,A3 - Lasso alpha=0.01,A3,A3,B2_standard,Lasso,StandardScaler,,,Lasso,0.01,,8,6.392499101059841,5.0963753945536325,0.8499811852903041,5.229384218957449
A3_Lasso_alpha_0.01,A3 - Lasso alpha=0.01,A3,A3,B2_standard,Lasso,StandardScaler,,,Lasso,0.01,,9,5.463728683374293,4.229945912783798,0.8830556031815423,5.336277270642243
A3_Lasso_alpha_0.01,A3 - Lasso alpha=0.01,A3,A3,B2_standard,Lasso,StandardScaler,,,Lasso,0.01,,10,5.266229699186098,4.237273148110853,0.8997339289030074,5.360983454048165
A3_Lasso_alpha_0.1,A3 - Lasso alpha=0.1,A3,A3,B2_standard,Lasso,StandardScaler,,,Lasso,0.1,,1,5.463338438314718,4.434009449841459,0.8990573936539399,5.3675172595038605
A3_Lasso_alpha_0.1,A3 - Lasso alpha=0.1,A3,A3,B2_standard,Lasso,StandardScaler,,,Lasso,0.1,,2,5.985025853067098,4.719051956365933,0.8789604934165677,5.306804374163618
A3_Lasso_alpha_0.1,A3 - Lasso alpha=0.1,A3,A3,B2_standard,Lasso,StandardScaler,,,Lasso,0.1,,3,5.196214095132109,4.125069879622265,0.897717502516692,5.389097874412261
A3_Lasso_alpha_0.1,A3 - Lasso alpha=0.1,A3,A3,B2_standard,Lasso,StandardScaler,,,Lasso,0.1,,4,4.254075565501858,3.3862836064654056,0.9302808260948408,5.4849278190389885
A3_Lasso_alpha_0.1,A3 - Lasso alpha=0.1,A3,A3,B2_standard,Lasso,StandardScaler,,,Lasso,0.1,,5,5.302794031588588,4.070561855651785,0.9205877834506047,5.3886492564794075
A3_Lasso_alpha_0.1,A3 - Lasso alpha=0.1,A3,A3,B2_standard,Lasso,StandardScaler,,,Lasso,0.1,,6,5.327983891385382,4.315505060321595,0.9085895704423496,5.385274636059549
A3_Lasso_alpha_0.1,A3 - Lasso alpha=0.1,A3,A3,B2_standard,Lasso,StandardScaler,,,Lasso,0.1,,7,5.856477709544958,4.559150153782478,0.8879165001432691,5.323234350860586
A3_Lasso_alpha_0.1,A3 - Lasso alpha=0.1,A3,A3,B2_standard,Lasso,StandardScaler,,,Lasso,0.1,,8,6.296573156255336,4.9939084378527046,0.8544497734907182,5.26765871141668
A3_Lasso_alpha_0.1,A3 - Lasso alpha=0.1,A3,A3,B2_standard,Lasso,StandardScaler,,,Lasso,0.1,,9,5.38139018595072,4.222277314202664,0.8865537531322852,5.369528121097446
A3_Lasso_alpha_0.1,A3 - Lasso alpha=0.1,A3,A3,B2_standard,Lasso,StandardScaler,,,Lasso,0.1,,10,5.247189440136041,4.233623651076173,0.9004576500007204,5.386681966933467
A3_Lasso_alpha_1,A3 - Lasso alpha=1,A3,A3,B2_standard,Lasso,StandardScaler,,,Lasso,1.0,,1,5.954152121138699,4.965774853620395,0.8801058047413658,5.975430168775386
A3_Lasso_alpha_1,A3 - Lasso alpha=1,A3,A3,B2_standard,Lasso,StandardScaler,,,Lasso,1.0,,2,5.917433671581607,4.704330433735384,0.8816789866705871,5.921704820286487
A3_Lasso_alpha_1,A3 - Lasso alpha=1,A3,A3,B2_standard,Lasso,StandardScaler,,,Lasso,1.0,,3,5.47568694119765,4.377890833146358,0.886419318146237,5.995097598407135
A3_Lasso_alpha_1,A3 - Lasso alpha=1,A3,A3,B2_standard,Lasso,StandardScaler,,,Lasso,1.0,,4,5.176741483794075,4.009879389247571,0.8967583853922162,6.07964095708993
A3_Lasso_alpha_1,A3 - Lasso alpha=1,A3,A3,B2_standard,Lasso,StandardScaler,,,Lasso,1.0,,5,6.054756778496404,4.584055907703684,0.8964688102668612,5.993652028266453
A3_Lasso_alpha_1,A3 - Lasso alpha=1,A3,A3,B2_standard,Lasso,StandardScaler,,,Lasso,1.0,,6,6.134408234810252,4.97754938489865,0.8788243684332034,5.987429361600257
A3_Lasso_alpha_1,A3 - Lasso alpha=1,A3,A3,B2_standard,Lasso,StandardScaler,,,Lasso,1.0,,7,6.857190917546356,5.305193588133721,0.84633987692429,5.939588891470305
A3_Lasso_alpha_1,A3 - Lasso alpha=1,A3,A3,B2_standard,Lasso,StandardScaler,,,Lasso,1.0,,8,6.800640019982919,5.466407115126361,0.8302131886500481,5.876986066311856
A3_Lasso_alpha_1,A3 - Lasso alpha=1,A3,A3,B2_standard,Lasso,StandardScaler,,,Lasso,1.0,,9,5.766310819538622,4.625133208596212,0.8697441418014287,5.977181675626954
A3_Lasso_alpha_1,A3 - Lasso alpha=1,A3,A3,B2_standard,Lasso,StandardScaler,,,Lasso,1.0,,10,6.044529631312111,5.026811984321768,0.8679071156574171,6.0023397457562195
A3_Lasso_alpha_10,A3 - Lasso alpha=10,A3,A3,B2_standard,Lasso,StandardScaler,,,Lasso,10.0,,1,13.785124138029145,11.346421922258283,0.3573423708997139,13.91231758452433
A3_Lasso_alpha_10,A3 - Lasso alpha=10,A3,A3,B2_standard,Lasso,StandardScaler,,,Lasso,10.0,,2,13.627267136389449,11.45122982505554,0.3725016008890968,13.888828880937977
A3_Lasso_alpha_10,A3 - Lasso alpha=10,A3,A3,B2_standard,Lasso,StandardScaler,,,Lasso,10.0,,3,13.172294524737628,11.069537352424664,0.34272045636066606,13.886748748149351
A3_Lasso_alpha_10,A3 - Lasso alpha=10,A3,A3,B2_standard,Lasso,StandardScaler,,,Lasso,10.0,,4,12.913318117712407,10.82755084257812,0.35758224946912465,13.900892719272084
A3_Lasso_alpha_10,A3 - Lasso alpha=10,A3,A3,B2_standard,Lasso,StandardScaler,,,Lasso,10.0,,5,15.39896575067239,12.478447648208205,0.33032990296622267,13.827428227108506
A3_Lasso_alpha_10,A3 - Lasso alpha=10,A3,A3,B2_standard,Lasso,StandardScaler,,,Lasso,10.0,,6,14.455989353751153,11.807640476818657,0.3270766737368216,13.822763335104344
A3_Lasso_alpha_10,A3 - Lasso alpha=10,A3,A3,B2_standard,Lasso,StandardScaler,,,Lasso,10.0,,7,15.065692654560468,12.313956956900716,0.2582681960361174,13.783248184602455
A3_Lasso_alpha_10,A3 - Lasso alpha=10,A3,A3,B2_standard,Lasso,StandardScaler,,,Lasso,10.0,,8,13.467666699422825,10.773658625161433,0.3341305373447333,13.821688057591224
A3_Lasso_alpha_10,A3 - Lasso alpha=10,A3,A3,B2_standard,Lasso,StandardScaler,,,Lasso,10.0,,9,12.922093094294173,10.574309034800576,0.3458657351048302,13.935978659149272
A3_Lasso_alpha_10,A3 - Lasso alpha=10,A3,A3,B2_standard,Lasso,StandardScaler,,,Lasso,10.0,,10,13.835815629688398,11.357783196283151,0.3079078331306129,13.86538357545481
A3_Lasso_alpha_100,A3 - Lasso alpha=100,A3,A3,B2_standard,Lasso,StandardScaler,,,Lasso,100.0,,1,17.195891366265407,13.996493055555556,-1.7707969222513498e-05,17.069816521914376
A3_Lasso_alpha_100,A3 - Lasso alpha=100,A3,A3,B2_standard,Lasso,StandardScaler,,,Lasso,100.0,,2,17.213679167518286,14.321909722222221,-0.0012499135629739921,17.06794305337648
A3_Lasso_alpha_100,A3 - Lasso alpha=100,A3,A3,B2_standard,Lasso,StandardScaler,,,Lasso,100.0,,3,16.247566740900005,13.350124999999997,-9.002776957256486e-06,17.17272609482192
A3_Lasso_alpha_100,A3 - Lasso alpha=100,A3,A3,B2_standard,Lasso,StandardScaler,,,Lasso,100.0,,4,16.153842401263102,13.636739583333332,-0.005294983853969537,17.18299126664501
A3_Lasso_alpha_100,A3 - Lasso alpha=100,A3,A3,B2_standard,Lasso,StandardScaler,,,Lasso,100.0,,5,18.926867770740913,15.312020833333332,-0.011661672166511483,16.866444312598905
A3_Lasso_alpha_100,A3 - Lasso alpha=100,A3,A3,B2_standard,Lasso,StandardScaler,,,Lasso,100.0,,6,17.634183605248392,14.2925,-0.0013379136589355412,17.020193883337196
A3_Lasso_alpha_100,A3 - Lasso alpha=100,A3,A3,B2_standard,Lasso,StandardScaler,,,Lasso,100.0,,7,18.017418920808307,14.53361111111111,-0.0608496733974766,16.981494957383884
A3_Lasso_alpha_100,A3 - Lasso alpha=100,A3,A3,B2_standard,Lasso,StandardScaler,,,Lasso,100.0,,8,16.51169401356296,13.072895833333334,-0.0008929779400415061,17.14478918561368
A3_Lasso_alpha_100,A3 - Lasso alpha=100,A3,A3,B2_standard,Lasso,StandardScaler,,,Lasso,100.0,,9,16.093018220208315,13.06201388888889,-0.01455635124741339,17.190088309599258
A3_Lasso_alpha_100,A3 - Lasso alpha=100,A3,A3,B2_standard,Lasso,StandardScaler,,,Lasso,100.0,,10,16.80168534407291,13.587388888888887,-0.020610650047128365,17.11522821816515
A3_EN_a0.0001_l1_0.1,"A3 - ElasticNet alpha=0.0001, l1_ratio=0.1",A3,A3,B2_standard,ElasticNet,StandardScaler,,,ElasticNet,0.0001,0.1,1,5.442120574550985,4.3805434926952955,0.8998399289062656,5.347227639061962
A3_EN_a0.0001_l1_0.1,"A3 - ElasticNet alpha=0.0001, l1_ratio=0.1",A3,A3,B2_standard,ElasticNet,StandardScaler,,,ElasticNet,0.0001,0.1,2,6.075163905219921,4.828923861106097,0.875287185005764,5.276123652141163
A3_EN_a0.0001_l1_0.1,"A3 - ElasticNet alpha=0.0001, l1_ratio=0.1",A3,A3,B2_standard,ElasticNet,StandardScaler,,,ElasticNet,0.0001,0.1,3,5.238091188701244,4.129787695999662,0.8960622383176657,5.361341720449412
A3_EN_a0.0001_l1_0.1,"A3 - ElasticNet alpha=0.0001, l1_ratio=0.1",A3,A3,B2_standard,ElasticNet,StandardScaler,,,ElasticNet,0.0001,0.1,4,4.238120873963373,3.359252791841975,0.930802801783833,5.458549718822349
A3_EN_a0.0001_l1_0.1,"A3 - ElasticNet alpha=0.0001, l1_ratio=0.1",A3,A3,B2_standard,ElasticNet,StandardScaler,,,ElasticNet,0.0001,0.1,5,5.344533115481944,4.100604674590772,0.9193327326310353,5.35393064855874
A3_EN_a0.0001_l1_0.1,"A3 - ElasticNet alpha=0.0001, l1_ratio=0.1",A3,A3,B2_standard,ElasticNet,StandardScaler,,,ElasticNet,0.0001,0.1,6,5.356065557237108,4.3693573925259805,0.907623455720024,5.351273107574772
A3_EN_a0.0001_l1_0.1,"A3 - ElasticNet alpha=0.0001, l1_ratio=0.1",A3,A3,B2_standard,ElasticNet,StandardScaler,,,ElasticNet,0.0001,0.1,7,5.953980372275603,4.58049758344321,0.884153346823102,5.284740514064306
A3_EN_a0.0001_l1_0.1,"A3 - ElasticNet alpha=0.0001, l1_ratio=0.1",A3,A3,B2_standard,ElasticNet,StandardScaler,,,ElasticNet,0.0001,0.1,8,6.411161087812346,5.116880590887046,0.8491039897910143,5.228555577589916
A3_EN_a0.0001_l1_0.1,"A3 - ElasticNet alpha=0.0001, l1_ratio=0.1",A3,A3,B2_standard,ElasticNet,StandardScaler,,,ElasticNet,0.0001,0.1,9,5.48308563857789,4.237675976849815,0.8822255116855164,5.335492042104508
A3_EN_a0.0001_l1_0.1,"A3 - ElasticNet alpha=0.0001, l1_ratio=0.1",A3,A3,B2_standard,ElasticNet,StandardScaler,,,ElasticNet,0.0001,0.1,10,5.27251603827403,4.238796227312938,0.899494409262263,5.360193425320795
A3_EN_a0.0001_l1_0.5,"A3 - ElasticNet alpha=0.0001, l1_ratio=0.5",A3,A3,B2_standard,ElasticNet,StandardScaler,,,ElasticNet,0.0001,0.5,1,5.442147576979689,4.3805540776185605,0.8998389349658149,5.3472275400235105
A3_EN_a0.0001_l1_0.5,"A3 - ElasticNet alpha=0.0001, l1_ratio=0.5",A3,A3,B2_standard,ElasticNet,StandardScaler,,,ElasticNet,0.0001,0.5,2,6.075237610178243,4.828919247964959,0.8752841589117412,5.2761235423715735
A3_EN_a0.0001_l1_0.5,"A3 - ElasticNet alpha=0.0001, l1_ratio=0.5",A3,A3,B2_standard,ElasticNet,StandardScaler,,,ElasticNet,0.0001,0.5,3,5.238111663182706,4.129786226035288,0.8960614257789538,5.361341610821003
A3_EN_a0.0001_l1_0.5,"A3 - ElasticNet alpha=0.0001, l1_ratio=0.5",A3,A3,B2_standard,ElasticNet,StandardScaler,,,ElasticNet,0.0001,0.5,4,4.23809295732115,3.3592718464469513,0.9308037133892924,5.4585496204550825
A3_EN_a0.0001_l1_0.5,"A3 - ElasticNet alpha=0.0001, l1_ratio=0.5",A3,A3,B2_standard,ElasticNet,StandardScaler,,,ElasticNet,0.0001,0.5,5,5.344579294675508,4.100652212378391,0.9193313386213559,5.35393053563781
A3_EN_a0.0001_l1_0.5,"A3 - ElasticNet alpha=0.0001, l1_ratio=0.5",A3,A3,B2_standard,ElasticNet,StandardScaler,,,ElasticNet,0.0001,0.5,6,5.356019564190351,4.369385038072988,0.9076250422056384,5.351272989357878
A3_EN_a0.0001_l1_0.5,"A3 - ElasticNet alpha=0.0001, l1_ratio=0.5",A3,A3,B2_standard,ElasticNet,StandardScaler,,,ElasticNet,0.0001,0.5,7,5.953857482110157,4.580414054661388,0.8841581289240044,5.2847404023936235
A3_EN_a0.0001_l1_0.5,"A3 - ElasticNet alpha=0.0001, l1_ratio=0.5",A3,A3,B2_standard,ElasticNet,StandardScaler,,,ElasticNet,0.0001,0.5,8,6.411151201622103,5.1168512535815625,0.8491044551624168,5.228555462627398
A3_EN_a0.0001_l1_0.5,"A3 - ElasticNet alpha=0.0001, l1_ratio=0.5",A3,A3,B2_standard,ElasticNet,StandardScaler,,,ElasticNet,0.0001,0.5,9,5.483121099717434,4.237653928486234,0.8822239882983781,5.335491922556362
A3_EN_a0.0001_l1_0.5,"A3 - ElasticNet alpha=0.0001, l1_ratio=0.5",A3,A3,B2_standard,ElasticNet,StandardScaler,,,ElasticNet,0.0001,0.5,10,5.272487616258812,4.238760396857462,0.899495492829846,5.360193312323029
A3_EN_a0.0001_l1_0.9,"A3 - ElasticNet alpha=0.0001, l1_ratio=0.9",A3,A3,B2_standard,ElasticNet,StandardScaler,,,ElasticNet,0.0001,0.9,1,5.4421734062826035,4.38056399358978,0.8998379842026862,5.347227517192447
A3_EN_a0.0001_l1_0.9,"A3 - ElasticNet alpha=0.0001, l1_ratio=0.9",A3,A3,B2_standard,ElasticNet,StandardScaler,,,ElasticNet,0.0001,0.9,2,6.0753114290992745,4.82891463731511,0.8752811281019695,5.276123506783039
A3_EN_a0.0001_l1_0.9,"A3 - ElasticNet alpha=0.0001, l1_ratio=0.9",A3,A3,B2_standard,ElasticNet,StandardScaler,,,ElasticNet,0.0001,0.9,3,5.238132597564703,4.129785029277147,0.896060594985605,5.361341573656844
A3_EN_a0.0001_l1_0.9,"A3 - ElasticNet alpha=0.0001, l1_ratio=0.9",A3,A3,B2_standard,ElasticNet,StandardScaler,,,ElasticNet,0.0001,0.9,4,4.238065279307594,3.3592912168058504,0.9308046171965114,5.458549594040181
A3_EN_a0.0001_l1_0.9,"A3 - ElasticNet alpha=0.0001, l1_ratio=0.9",A3,A3,B2_standard,ElasticNet,StandardScaler,,,ElasticNet,0.0001,0.9,5,5.344624842578189,4.1006992819249675,0.919329963656633,5.353930491996541
A3_EN_a0.0001_l1_0.9,"A3 - ElasticNet alpha=0.0001, l1_ratio=0.9",A3,A3,B2_standard,ElasticNet,StandardScaler,,,ElasticNet,0.0001,0.9,6,5.355975417014553,4.369413793231173,0.9076265650069073,5.351272939345325
A3_EN_a0.0001_l1_0.9,"A3 - ElasticNet alpha=0.0001, l1_ratio=0.9",A3,A3,B2_standard,ElasticNet,StandardScaler,,,ElasticNet,0.0001,0.9,7,5.953735078071247,4.580329781942014,0.884162892009846,5.284740358427732
A3_EN_a0.0001_l1_0.9,"A3 - ElasticNet alpha=0.0001, l1_ratio=0.9",A3,A3,B2_standard,ElasticNet,StandardScaler,,,ElasticNet,0.0001,0.9,8,6.411141428193341,5.116820483884912,0.8491049152251069,5.228555415003508
A3_EN_a0.0001_l1_0.9,"A3 - ElasticNet alpha=0.0001, l1_ratio=0.9",A3,A3,B2_standard,ElasticNet,StandardScaler,,,ElasticNet,0.0001,0.9,9,5.483156475107856,4.237631614574992,0.8822224685851489,5.335491872548056
A3_EN_a0.0001_l1_0.9,"A3 - ElasticNet alpha=0.0001, l1_ratio=0.9",A3,A3,B2_standard,ElasticNet,StandardScaler,,,ElasticNet,0.0001,0.9,10,5.27245910999865,4.238724886764477,0.8994965796033361,5.360193271352111
A3_EN_a0.001_l1_0.1,"A3 - ElasticNet alpha=0.001, l1_ratio=0.1",A3,A3,B2_standard,ElasticNet,StandardScaler,,,ElasticNet,0.001,0.1,1,5.442857104832684,4.381663963605661,0.8998128159761485,5.3472490999126245
A3_EN_a0.001_l1_0.1,"A3 - ElasticNet alpha=0.001, l1_ratio=0.1",A3,A3,B2_standard,ElasticNet,StandardScaler,,,ElasticNet,0.001,0.1,2,6.070924658268186,4.826042863194313,0.8754611733852602,5.276145858969515
A3_EN_a0.001_l1_0.1,"A3 - ElasticNet alpha=0.001, l1_ratio=0.1",A3,A3,B2_standard,ElasticNet,StandardScaler,,,ElasticNet,0.001,0.1,3,5.237009804982613,4.129365954393843,0.896105148987703,5.36136625409939
A3_EN_a0.001_l1_0.1,"A3 - ElasticNet alpha=0.001, l1_ratio=0.1",A3,A3,B2_standard,ElasticNet,StandardScaler,,,ElasticNet,0.001,0.1,4,4.239342089526901,3.359077536528994,0.9307629176592637,5.458571586364297
A3_EN_a0.001_l1_0.1,"A3 - ElasticNet alpha=0.001, l1_ratio=0.1",A3,A3,B2_standard,ElasticNet,StandardScaler,,,ElasticNet,0.001,0.1,5,5.3425371005824775,4.09882737791703,0.9193929747503872,5.353956341571909
A3_EN_a0.001_l1_0.1,"A3 - ElasticNet alpha=0.001, l1_ratio=0.1",A3,A3,B2_standard,ElasticNet,StandardScaler,,,ElasticNet,0.001,0.1,6,5.355272074380957,4.36720874401014,0.907650824232937,5.351300231294635
A3_EN_a0.001_l1_0.1,"A3 - ElasticNet alpha=0.001, l1_ratio=0.1",A3,A3,B2_standard,ElasticNet,StandardScaler,,,ElasticNet,0.001,0.1,7,5.955157833258691,4.582137515808682,0.8841075225531695,5.284764900206525
A3_EN_a0.001_l1_0.1,"A3 - ElasticNet alpha=0.001, l1_ratio=0.1",A3,A3,B2_standard,ElasticNet,StandardScaler,,,ElasticNet,0.001,0.1,8,6.410036305164818,5.116165399150889,0.8491569319408467,5.228580819348814
A3_EN_a0.001_l1_0.1,"A3 - ElasticNet alpha=0.001, l1_ratio=0.1",A3,A3,B2_standard,ElasticNet,StandardScaler,,,ElasticNet,0.001,0.1,9,5.480298856982034,4.237367431267392,0.8823451991721646,5.3355171677143565
A3_EN_a0.001_l1_0.1,"A3 - ElasticNet alpha=0.001, l1_ratio=0.1",A3,A3,B2_standard,ElasticNet,StandardScaler,,,ElasticNet,0.001,0.1,10,5.273181434769524,4.23951630029075,0.8994690398609068,5.36021728492329
A3_EN_a0.001_l1_0.5,"A3 - ElasticNet alpha=0.001, l1_ratio=0.5",A3,A3,B2_standard,ElasticNet,StandardScaler,,,ElasticNet,0.001,0.5,1,5.443109519329146,4.381765964393141,0.8998035233257973,5.347239181126176
A3_EN_a0.001_l1_0.5,"A3 - ElasticNet alpha=0.001, l1_ratio=0.5",A3,A3,B2_standard,ElasticNet,StandardScaler,,,ElasticNet,0.001,0.5,2,6.071651715217281,4.825996860999155,0.8754313419357248,5.276134898921547
A3_EN_a0.001_l1_0.5,"A3 - ElasticNet alpha=0.001, l1_ratio=0.5",A3,A3,B2_standard,ElasticNet,StandardScaler,,,ElasticNet,0.001,0.5,3,5.237201049489546,4.1293405658309315,0.8960975608093007,5.361355366786128
A3_EN_a0.001_l1_0.5,"A3 - ElasticNet alpha=0.001, l1_ratio=0.5",A3,A3,B2_standard,ElasticNet,StandardScaler,,,ElasticNet,0.001,0.5,4,4.239055234852327,3.359268344419506,0.930772287183288,5.458561749718003
A3_EN_a0.001_l1_0.5,"A3 - ElasticNet alpha=0.001, l1_ratio=0.5",A3,A3,B2_standard,ElasticNet,StandardScaler,,,ElasticNet,0.001,0.5,5,5.342972173899539,4.099089455528822,0.9193798456347002,5.353945174824932
A3_EN_a0.001_l1_0.5,"A3 - ElasticNet alpha=0.001, l1_ratio=0.5",A3,A3,B2_standard,ElasticNet,StandardScaler,,,ElasticNet,0.001,0.5,6,5.354793793138638,4.367472476466888,0.9076673189714042,5.35128850252816
A3_EN_a0.001_l1_0.5,"A3 - ElasticNet alpha=0.001, l1_ratio=0.5",A3,A3,B2_standard,ElasticNet,StandardScaler,,,ElasticNet,0.001,0.5,7,5.953919576725829,4.581298783783462,0.884155712610213,5.28475377750607
A3_EN_a0.001_l1_0.5,"A3 - ElasticNet alpha=0.001, l1_ratio=0.5",A3,A3,B2_standard,ElasticNet,StandardScaler,,,ElasticNet,0.001,0.5,8,6.409924572832646,5.11586322985263,0.8491621905384876,5.2285694012190564
A3_EN_a0.001_l1_0.5,"A3 - ElasticNet alpha=0.001, l1_ratio=0.5",A3,A3,B2_standard,ElasticNet,StandardScaler,,,ElasticNet,0.001,0.5,9,5.480636973390228,4.237143649783242,0.8823306808961071,5.335505282047482
A3_EN_a0.001_l1_0.5,"A3 - ElasticNet alpha=0.001, l1_ratio=0.5",A3,A3,B2_standard,ElasticNet,StandardScaler,,,ElasticNet,0.001,0.5,10,5.272885747176537,4.239156268342773,0.8994803138610803,5.360206039873307
A3_EN_a0.001_l1_0.9,"A3 - ElasticNet alpha=0.001, l1_ratio=0.9",A3,A3,B2_standard,ElasticNet,StandardScaler,,,ElasticNet,0.001,0.9,1,5.443410279774864,4.381893352441845,0.8997924502546274,5.347237072577319
A3_EN_a0.001_l1_0.9,"A3 - ElasticNet alpha=0.001, l1_ratio=0.9",A3,A3,B2_standard,ElasticNet,StandardScaler,,,ElasticNet,0.001,0.9,2,6.072374489074112,4.8259379533160125,0.8754016826823398,5.276131365151577
A3_EN_a0.001_l1_0.9,"A3 - ElasticNet alpha=0.001, l1_ratio=0.9",A3,A3,B2_standard,ElasticNet,StandardScaler,,,ElasticNet,0.001,0.9,3,5.2373982703462065,4.129314619722328,0.8960897352117312,5.3613516780134205
A3_EN_a0.001_l1_0.9,"A3 - ElasticNet alpha=0.001, l1_ratio=0.9",A3,A3,B2_standard,ElasticNet,StandardScaler,,,ElasticNet,0.001,0.9,4,4.238779660303686,3.359455627541722,0.9307812876678582,5.458559239868395
A3_EN_a0.001_l1_0.9,"A3 - ElasticNet alpha=0.001, l1_ratio=0.9",A3,A3,B2_standard,ElasticNet,StandardScaler,,,ElasticNet,0.001,0.9,5,5.343419411163184,4.099559084445721,0.9193663483357737,5.353940811780769
A3_EN_a0.001_l1_0.9,"A3 - ElasticNet alpha=0.001, l1_ratio=0.9",A3,A3,B2_standard,ElasticNet,StandardScaler,,,ElasticNet,0.001,0.9,6,5.354303860141641,4.3677265005863966,0.9076842140226159,5.351283722156199
A3_EN_a0.001_l1_0.9,"A3 - ElasticNet alpha=0.001, l1_ratio=0.9",A3,A3,B2_standard,ElasticNet,StandardScaler,,,ElasticNet,0.001,0.9,7,5.952677092659576,4.580469619769105,0.8842040571204153,5.284749471614048
A3_EN_a0.001_l1_0.9,"A3 - ElasticNet alpha=0.001, l1_ratio=0.9",A3,A3,B2_standard,ElasticNet,StandardScaler,,,ElasticNet,0.001,0.9,8,6.409815881642225,5.115567037201555,0.8491673059191397,5.228564709315872
A3_EN_a0.001_l1_0.9,"A3 - ElasticNet alpha=0.001, l1_ratio=0.9",A3,A3,B2_standard,ElasticNet,StandardScaler,,,ElasticNet,0.001,0.9,9,5.480982404412012,4.236922884299462,0.8823158476151375,5.335500385384735
A3_EN_a0.001_l1_0.9,"A3 - ElasticNet alpha=0.001, l1_ratio=0.9",A3,A3,B2_standard,ElasticNet,StandardScaler,,,ElasticNet,0.001,0.9,10,5.272599206376149,4.238795086640032,0.8994912385084524,5.3602019756936965
A3_EN_a0.01_l1_0.1,"A3 - ElasticNet alpha=0.01, l1_ratio=0.1",A3,A3,B2_standard,ElasticNet,StandardScaler,,,ElasticNet,0.01,0.1,1,5.451335265719734,4.3922418915075045,0.8995004562752345,5.349337452904952
A3_EN_a0.01_l1_0.1,"A3 - ElasticNet alpha=0.01, l1_ratio=0.1",A3,A3,B2_standard,ElasticNet,StandardScaler,,,ElasticNet,0.01,0.1,2,6.031815926182128,4.798570679856079,0.877060556637097,5.278308835768203
A3_EN_a0.01_l1_0.1,"A3 - ElasticNet alpha=0.01, l1_ratio=0.1",A3,A3,B2_standard,ElasticNet,StandardScaler,,,ElasticNet,0.01,0.1,3,5.2286193958777405,4.127083326787911,0.8964377899521012,5.3636727942643985
A3_EN_a0.01_l1_0.1,"A3 - ElasticNet alpha=0.01, l1_ratio=0.1",A3,A3,B2_standard,ElasticNet,StandardScaler,,,ElasticNet,0.01,0.1,4,4.252993943024432,3.3599222094925003,0.9303162745666685,5.460684937885746
A3_EN_a0.01_l1_0.1,"A3 - ElasticNet alpha=0.01, l1_ratio=0.1",A3,A3,B2_standard,ElasticNet,StandardScaler,,,ElasticNet,0.01,0.1,5,5.327443314574667,4.085641657665101,0.9198477948105975,5.356350157531353
A3_EN_a0.01_l1_0.1,"A3 - ElasticNet alpha=0.01, l1_ratio=0.1",A3,A3,B2_standard,ElasticNet,StandardScaler,,,ElasticNet,0.01,0.1,6,5.353235132575903,4.352379817609632,0.9077210631000739,5.353793149950812
A3_EN_a0.01_l1_0.1,"A3 - ElasticNet alpha=0.01, l1_ratio=0.1",A3,A3,B2_standard,ElasticNet,StandardScaler,,,ElasticNet,0.01,0.1,7,5.969663548312436,4.5988280713425125,0.8835422476309981,5.287091496843689
A3_EN_a0.01_l1_0.1,"A3 - ElasticNet alpha=0.01, l1_ratio=0.1",A3,A3,B2_standard,ElasticNet,StandardScaler,,,ElasticNet,0.01,0.1,8,6.401144127892211,5.113187004461251,0.8495751488986207,5.230952276227443
A3_EN_a0.01_l1_0.1,"A3 - ElasticNet alpha=0.01, l1_ratio=0.1",A3,A3,B2_standard,ElasticNet,StandardScaler,,,ElasticNet,0.01,0.1,9,5.45621744479658,4.235418387810425,0.8833769198241436,5.337890340439559
A3_EN_a0.01_l1_0.1,"A3 - ElasticNet alpha=0.01, l1_ratio=0.1",A3,A3,B2_standard,ElasticNet,StandardScaler,,,ElasticNet,0.01,0.1,10,5.2818814456057375,4.256734879392982,0.8991370422029346,5.3624976909240365
A3_EN_a0.01_l1_0.5,"A3 - ElasticNet alpha=0.01, l1_ratio=0.5",A3,A3,B2_standard,ElasticNet,StandardScaler,,,ElasticNet,0.01,0.5,1,5.4526471400063246,4.393145510192555,0.8994520796390868,5.348350037407845
A3_EN_a0.01_l1_0.5,"A3 - ElasticNet alpha=0.01, l1_ratio=0.5",A3,A3,B2_standard,ElasticNet,StandardScaler,,,ElasticNet,0.01,0.5,2,6.03828986701889,4.798300525374001,0.8767965134987514,5.2772248812558376
A3_EN_a0.01_l1_0.5,"A3 - ElasticNet alpha=0.01, l1_ratio=0.5",A3,A3,B2_standard,ElasticNet,StandardScaler,,,ElasticNet,0.01,0.5,3,5.22801757854689,4.126047583300206,0.8964616287291304,5.362601847395384
A3_EN_a0.01_l1_0.5,"A3 - ElasticNet alpha=0.01, l1_ratio=0.5",A3,A3,B2_standard,ElasticNet,StandardScaler,,,ElasticNet,0.01,0.5,4,4.2492225525943255,3.360884648882036,0.9304398054328336,5.459712778958806
A3_EN_a0.01_l1_0.5,"A3 - ElasticNet alpha=0.01, l1_ratio=0.5",A3,A3,B2_standard,ElasticNet,StandardScaler,,,ElasticNet,0.01,0.5,5,5.32965793141962,4.087567424156491,0.9197811424567472,5.3553010376984025
A3_EN_a0.01_l1_0.5,"A3 - ElasticNet alpha=0.01, l1_ratio=0.5",A3,A3,B2_standard,ElasticNet,StandardScaler,,,ElasticNet,0.01,0.5,6,5.3461199212950605,4.35072546882614,0.907966203756029,5.35271746160538
A3_EN_a0.01_l1_0.5,"A3 - ElasticNet alpha=0.01, l1_ratio=0.5",A3,A3,B2_standard,ElasticNet,StandardScaler,,,ElasticNet,0.01,0.5,7,5.956227115952876,4.590075337828655,0.8840659005006811,5.286019292495611
A3_EN_a0.01_l1_0.5,"A3 - ElasticNet alpha=0.01, l1_ratio=0.5",A3,A3,B2_standard,ElasticNet,StandardScaler,,,ElasticNet,0.01,0.5,8,6.397045168190985,5.103712554612576,0.849767735716166,5.2298352761071865
A3_EN_a0.01_l1_0.5,"A3 - ElasticNet alpha=0.01, l1_ratio=0.5",A3,A3,B2_standard,ElasticNet,StandardScaler,,,ElasticNet,0.01,0.5,9,5.4589705622194415,4.232728397218677,0.8832591979619635,5.336748816256563
A3_EN_a0.01_l1_0.5,"A3 - ElasticNet alpha=0.01, l1_ratio=0.5",A3,A3,B2_standard,ElasticNet,StandardScaler,,,ElasticNet,0.01,0.5,10,5.276080822166521,4.2490106672391725,0.8993584582944988,5.361395423863242
A3_EN_a0.01_l1_0.9,"A3 - ElasticNet alpha=0.01, l1_ratio=0.9",A3,A3,B2_standard,ElasticNet,StandardScaler,,,ElasticNet,0.01,0.9,1,5.454604035314527,4.39413857278578,0.8993798955947615,5.348115344385589
A3_EN_a0.01_l1_0.9,"A3 - ElasticNet alpha=0.01, l1_ratio=0.9",A3,A3,B2_standard,ElasticNet,StandardScaler,,,ElasticNet,0.01,0.9,2,6.0460061458115275,4.7983670909521035,0.8764814309508445,5.276840790623453
A3_EN_a0.01_l1_0.9,"A3 - ElasticNet alpha=0.01, l1_ratio=0.9",A3,A3,B2_standard,ElasticNet,StandardScaler,,,ElasticNet,0.01,0.9,3,5.228219811983331,4.1250205118713055,0.8964536183025023,5.36224704945746
A3_EN_a0.01_l1_0.9,"A3 - ElasticNet alpha=0.01, l1_ratio=0.9",A3,A3,B2_standard,ElasticNet,StandardScaler,,,ElasticNet,0.01,0.9,4,4.247275856767411,3.3621376306636477,0.9305035260407998,5.459404009600418
A3_EN_a0.01_l1_0.9,"A3 - ElasticNet alpha=0.01, l1_ratio=0.9",A3,A3,B2_standard,ElasticNet,StandardScaler,,,ElasticNet,0.01,0.9,5,5.3326004951681325,4.08956879031358,0.919692538547128,5.354942933440009
A3_EN_a0.01_l1_0.9,"A3 - ElasticNet alpha=0.01, l1_ratio=0.9",A3,A3,B2_standard,ElasticNet,StandardScaler,,,ElasticNet,0.01,0.9,6,5.339431567664026,4.351433989529636,0.9081963405783855,5.352320716270707
A3_EN_a0.01_l1_0.9,"A3 - ElasticNet alpha=0.01, l1_ratio=0.9",A3,A3,B2_standard,ElasticNet,StandardScaler,,,ElasticNet,0.01,0.9,7,5.943168329602923,4.581697130169945,0.884573704840625,5.285639145981431
A3_EN_a0.01_l1_0.9,"A3 - ElasticNet alpha=0.01, l1_ratio=0.9",A3,A3,B2_standard,ElasticNet,StandardScaler,,,ElasticNet,0.01,0.9,8,6.393383821320351,5.097804704112683,0.8499396572846635,5.22938913544925
A3_EN_a0.01_l1_0.9,"A3 - ElasticNet alpha=0.01, l1_ratio=0.9",A3,A3,B2_standard,ElasticNet,StandardScaler,,,ElasticNet,0.01,0.9,9,5.46251366275676,4.2303821110733155,0.8831076094441317,5.336286574094395
A3_EN_a0.01_l1_0.9,"A3 - ElasticNet alpha=0.01, l1_ratio=0.9",A3,A3,B2_standard,ElasticNet,StandardScaler,,,ElasticNet,0.01,0.9,10,5.268124956916315,4.239625218828714,0.8996617466200323,5.3609753410603584
A3_EN_a0.1_l1_0.1,"A3 - ElasticNet alpha=0.1, l1_ratio=0.1",A3,A3,B2_standard,ElasticNet,StandardScaler,,,ElasticNet,0.1,0.1,1,5.6540739355894685,4.547163793042278,0.8918861654026369,5.518536466720543
A3_EN_a0.1_l1_0.1,"A3 - ElasticNet alpha=0.1, l1_ratio=0.1",A3,A3,B2_standard,ElasticNet,StandardScaler,,,ElasticNet,0.1,0.1,2,5.864255606701258,4.730426057374021,0.8837960564730176,5.4534521246526015
A3_EN_a0.1_l1_0.1,"A3 - ElasticNet alpha=0.1, l1_ratio=0.1",A3,A3,B2_standard,ElasticNet,StandardScaler,,,ElasticNet,0.1,0.1,3,5.326721871459573,4.258521825748029,0.892515140523038,5.5385710935929415
A3_EN_a0.1_l1_0.1,"A3 - ElasticNet alpha=0.1, l1_ratio=0.1",A3,A3,B2_standard,ElasticNet,StandardScaler,,,ElasticNet,0.1,0.1,4,4.531817922883719,3.5578928654994484,0.9208799163366854,5.6288741562465665
A3_EN_a0.1_l1_0.1,"A3 - ElasticNet alpha=0.1, l1_ratio=0.1",A3,A3,B2_standard,ElasticNet,StandardScaler,,,ElasticNet,0.1,0.1,5,5.45522808059937,4.141200714028672,0.9159565975020819,5.5309393772384725
A3_EN_a0.1_l1_0.1,"A3 - ElasticNet alpha=0.1, l1_ratio=0.1",A3,A3,B2_standard,ElasticNet,StandardScaler,,,ElasticNet,0.1,0.1,6,5.598733434901104,4.537491771464083,0.8990632017724275,5.53031078724987
A3_EN_a0.1_l1_0.1,"A3 - ElasticNet alpha=0.1, l1_ratio=0.1",A3,A3,B2_standard,ElasticNet,StandardScaler,,,ElasticNet,0.1,0.1,7,6.284696397903548,4.892758986488135,0.8709264367947207,5.464520482448548
A3_EN_a0.1_l1_0.1,"A3 - ElasticNet alpha=0.1, l1_ratio=0.1",A3,A3,B2_standard,ElasticNet,StandardScaler,,,ElasticNet,0.1,0.1,8,6.479768278816798,5.170004475719515,0.8458571695433632,5.409419521143054
A3_EN_a0.1_l1_0.1,"A3 - ElasticNet alpha=0.1, l1_ratio=0.1",A3,A3,B2_standard,ElasticNet,StandardScaler,,,ElasticNet,0.1,0.1,9,5.432456238935647,4.3017602551820815,0.8843904685401626,5.516616316791787
A3_EN_a0.1_l1_0.1,"A3 - ElasticNet alpha=0.1, l1_ratio=0.1",A3,A3,B2_standard,ElasticNet,StandardScaler,,,ElasticNet,0.1,0.1,10,5.508558354342009,4.479500625078924,0.8902940176847156,5.539144537761453
A3_EN_a0.1_l1_0.5,"A3 - ElasticNet alpha=0.1, l1_ratio=0.5",A3,A3,B2_standard,ElasticNet,StandardScaler,,,ElasticNet,0.1,0.5,1,5.547279247114836,4.465372160541568,0.8959317235606752,5.4264017087199035
A3_EN_a0.1_l1_0.5,"A3 - ElasticNet alpha=0.1, l1_ratio=0.5",A3,A3,B2_standard,ElasticNet,StandardScaler,,,ElasticNet,0.1,0.5,2,5.87424822359525,4.700934186903664,0.8833996989857535,5.359841091211572
A3_EN_a0.1_l1_0.5,"A3 - ElasticNet alpha=0.1, l1_ratio=0.5",A3,A3,B2_standard,ElasticNet,StandardScaler,,,ElasticNet,0.1,0.5,3,5.239618229952141,4.180349124999525,0.8960016283057277,5.4481139622655315
A3_EN_a0.1_l1_0.5,"A3 - ElasticNet alpha=0.1, l1_ratio=0.5",A3,A3,B2_standard,ElasticNet,StandardScaler,,,ElasticNet,0.1,0.5,4,4.390034195361167,3.4475587797597824,0.9257532174074005,5.540101977339547
A3_EN_a0.1_l1_0.5,"A3 - ElasticNet alpha=0.1, l1_ratio=0.5",A3,A3,B2_standard,ElasticNet,StandardScaler,,,ElasticNet,0.1,0.5,5,5.350011182309285,4.087390956095897,0.9191672823877005,5.441427660515295
A3_EN_a0.1_l1_0.5,"A3 - ElasticNet alpha=0.1, l1_ratio=0.5",A3,A3,B2_standard,ElasticNet,StandardScaler,,,ElasticNet,0.1,0.5,6,5.451989653515988,4.41606474035905,0.9042850031202356,5.441506435645786
A3_EN_a0.1_l1_0.5,"A3 - ElasticNet alpha=0.1, l1_ratio=0.5",A3,A3,B2_standard,ElasticNet,StandardScaler,,,ElasticNet,0.1,0.5,7,6.084265555388176,4.741721208889723,0.8790279566351311,5.373213708819555
A3_EN_a0.1_l1_0.5,"A3 - ElasticNet alpha=0.1, l1_ratio=0.5",A3,A3,B2_standard,ElasticNet,StandardScaler,,,ElasticNet,0.1,0.5,8,6.380476636125627,5.086170275733987,0.8505449397426491,5.318998425654074
A3_EN_a0.1_l1_0.5,"A3 - ElasticNet alpha=0.1, l1_ratio=0.5",A3,A3,B2_standard,ElasticNet,StandardScaler,,,ElasticNet,0.1,0.5,9,5.376568199983063,4.258216702096588,0.8867569686978287,5.425118453545853
A3_EN_a0.1_l1_0.5,"A3 - ElasticNet alpha=0.1, l1_ratio=0.5",A3,A3,B2_standard,ElasticNet,StandardScaler,,,ElasticNet,0.1,0.5,10,5.365761589959968,4.36262099992882,0.8959080495734787,5.446125286153313
A3_EN_a0.1_l1_0.9,"A3 - ElasticNet alpha=0.1, l1_ratio=0.9",A3,A3,B2_standard,ElasticNet,StandardScaler,,,ElasticNet,0.1,0.9,1,5.473542119529288,4.439379787753867,0.8986799877795357,5.373166393525832
A3_EN_a0.1_l1_0.9,"A3 - ElasticNet alpha=0.1, l1_ratio=0.9",A3,A3,B2_standard,ElasticNet,StandardScaler,,,ElasticNet,0.1,0.9,2,5.951333881601811,4.70798880081342,0.8803194119017308,5.3124580498313705
A3_EN_a0.1_l1_0.9,"A3 - ElasticNet alpha=0.1, l1_ratio=0.9",A3,A3,B2_standard,ElasticNet,StandardScaler,,,ElasticNet,0.1,0.9,3,5.199277593721207,4.132449393003592,0.8975968628938468,5.394904608571304
A3_EN_a0.1_l1_0.9,"A3 - ElasticNet alpha=0.1, l1_ratio=0.9",A3,A3,B2_standard,ElasticNet,StandardScaler,,,ElasticNet,0.1,0.9,4,4.275353157473122,3.394953856520877,0.9295816537316783,5.489982627001906
A3_EN_a0.1_l1_0.9,"A3 - ElasticNet alpha=0.1, l1_ratio=0.9",A3,A3,B2_standard,ElasticNet,StandardScaler,,,ElasticNet,0.1,0.9,5,5.297870436583413,4.066295264443679,0.9207351820006764,5.394473705431378
A3_EN_a0.1_l1_0.9,"A3 - ElasticNet alpha=0.1, l1_ratio=0.9",A3,A3,B2_standard,ElasticNet,StandardScaler,,,ElasticNet,0.1,0.9,6,5.346608931054424,4.323901066423694,0.9079493663174601,5.391074116728902
A3_EN_a0.1_l1_0.9,"A3 - ElasticNet alpha=0.1, l1_ratio=0.9",A3,A3,B2_standard,ElasticNet,StandardScaler,,,ElasticNet,0.1,0.9,7,5.8950285283562875,4.590172530344731,0.8864360430113476,5.327677336980634
A3_EN_a0.1_l1_0.9,"A3 - ElasticNet alpha=0.1, l1_ratio=0.9",A3,A3,B2_standard,ElasticNet,StandardScaler,,,ElasticNet,0.1,0.9,8,6.307056869142782,5.007048344395008,0.8539646915088015,5.272358660231805
A3_EN_a0.1_l1_0.9,"A3 - ElasticNet alpha=0.1, l1_ratio=0.9",A3,A3,B2_standard,ElasticNet,StandardScaler,,,ElasticNet,0.1,0.9,9,5.373168711598844,4.22703968981087,0.8869001256900151,5.375146500748769
A3_EN_a0.1_l1_0.9,"A3 - ElasticNet alpha=0.1, l1_ratio=0.9",A3,A3,B2_standard,ElasticNet,StandardScaler,,,ElasticNet,0.1,0.9,10,5.265433590583944,4.260091934371388,0.8997642415375754,5.392489700662069
A3_EN_a1_l1_0.1,"A3 - ElasticNet alpha=1, l1_ratio=0.1",A3,A3,B2_standard,ElasticNet,StandardScaler,,,ElasticNet,1.0,0.1,1,9.580495053896184,7.893760343128752,0.689591070015974,9.422136364463753
A3_EN_a1_l1_0.1,"A3 - ElasticNet alpha=1, l1_ratio=0.1",A3,A3,B2_standard,ElasticNet,StandardScaler,,,ElasticNet,1.0,0.1,2,9.121532073612912,7.409288244490787,0.7188548070671924,9.422041214579572
A3_EN_a1_l1_0.1,"A3 - ElasticNet alpha=1, l1_ratio=0.1",A3,A3,B2_standard,ElasticNet,StandardScaler,,,ElasticNet,1.0,0.1,3,8.947842621576958,7.518308959414972,0.6967059262230899,9.484498894705908
A3_EN_a1_l1_0.1,"A3 - ElasticNet alpha=1, l1_ratio=0.1",A3,A3,B2_standard,ElasticNet,StandardScaler,,,ElasticNet,1.0,0.1,4,8.744259928696557,7.280661191268083,0.7054303829852794,9.506530337427535
A3_EN_a1_l1_0.1,"A3 - ElasticNet alpha=1, l1_ratio=0.1",A3,A3,B2_standard,ElasticNet,StandardScaler,,,ElasticNet,1.0,0.1,5,10.196201992621223,8.363137719888044,0.7064009394514884,9.405302414632269
A3_EN_a1_l1_0.1,"A3 - ElasticNet alpha=1, l1_ratio=0.1",A3,A3,B2_standard,ElasticNet,StandardScaler,,,ElasticNet,1.0,0.1,6,9.910682822266855,8.30012765859755,0.683716090554002,9.432679580224056
A3_EN_a1_l1_0.1,"A3 - ElasticNet alpha=1, l1_ratio=0.1",A3,A3,B2_standard,ElasticNet,StandardScaler,,,ElasticNet,1.0,0.1,7,10.534427189493917,8.473203375205262,0.63734760846367,9.400429045631993
A3_EN_a1_l1_0.1,"A3 - ElasticNet alpha=1, l1_ratio=0.1",A3,A3,B2_standard,ElasticNet,StandardScaler,,,ElasticNet,1.0,0.1,8,9.643888755606152,7.74618536101404,0.6585644302492583,9.392188744215272
A3_EN_a1_l1_0.1,"A3 - ElasticNet alpha=1, l1_ratio=0.1",A3,A3,B2_standard,ElasticNet,StandardScaler,,,ElasticNet,1.0,0.1,9,8.784424506085308,6.955567472580387,0.6977072039272929,9.492014059334332
A3_EN_a1_l1_0.1,"A3 - ElasticNet alpha=1, l1_ratio=0.1",A3,A3,B2_standard,ElasticNet,StandardScaler,,,ElasticNet,1.0,0.1,10,9.504314552389179,7.966532922182767,0.6734151728307691,9.49272592472045
A3_EN_a1_l1_0.5,"A3 - ElasticNet alpha=1, l1_ratio=0.5",A3,A3,B2_standard,ElasticNet,StandardScaler,,,ElasticNet,1.0,0.5,1,8.205111883454455,6.810022152776275,0.7723187225046293,8.09517870747242
A3_EN_a1_l1_0.5,"A3 - ElasticNet alpha=1, l1_ratio=0.5",A3,A3,B2_standard,ElasticNet,StandardScaler,,,ElasticNet,1.0,0.5,2,7.7234751348778925,6.228739548874767,0.7984324632470404,8.08458358646731
A3_EN_a1_l1_0.5,"A3 - ElasticNet alpha=1, l1_ratio=0.5",A3,A3,B2_standard,ElasticNet,StandardScaler,,,ElasticNet,1.0,0.5,3,7.621272882150964,6.445475388814591,0.7799698096207783,8.142310233985157
A3_EN_a1_l1_0.5,"A3 - ElasticNet alpha=1, l1_ratio=0.5",A3,A3,B2_standard,ElasticNet,StandardScaler,,,ElasticNet,1.0,0.5,4,7.3845007538817535,6.142937185930668,0.7899202892409958,8.179187669792356
A3_EN_a1_l1_0.5,"A3 - ElasticNet alpha=1, l1_ratio=0.5",A3,A3,B2_standard,ElasticNet,StandardScaler,,,ElasticNet,1.0,0.5,5,8.606478860461818,6.980549686902478,0.7908158314054263,8.101241912084305
A3_EN_a1_l1_0.5,"A3 - ElasticNet alpha=1, l1_ratio=0.5",A3,A3,B2_standard,ElasticNet,StandardScaler,,,ElasticNet,1.0,0.5,6,8.523754004370124,7.154364001517408,0.7660453085118062,8.109988160676453
A3_EN_a1_l1_0.5,"A3 - ElasticNet alpha=1, l1_ratio=0.5",A3,A3,B2_standard,ElasticNet,StandardScaler,,,ElasticNet,1.0,0.5,7,9.205345968497497,7.371521221310144,0.723083441827193,8.072623008452755
A3_EN_a1_l1_0.5,"A3 - ElasticNet alpha=1, l1_ratio=0.5",A3,A3,B2_standard,ElasticNet,StandardScaler,,,ElasticNet,1.0,0.5,8,8.496873323838624,6.7880805289345405,0.7349531386457493,8.039872720473626
A3_EN_a1_l1_0.5,"A3 - ElasticNet alpha=1, l1_ratio=0.5",A3,A3,B2_standard,ElasticNet,StandardScaler,,,ElasticNet,1.0,0.5,9,7.533589338875644,5.903298101246223,0.7776664237870783,8.141872216316093
A3_EN_a1_l1_0.5,"A3 - ElasticNet alpha=1, l1_ratio=0.5",A3,A3,B2_standard,ElasticNet,StandardScaler,,,ElasticNet,1.0,0.5,10,8.222315905426393,6.973709078067986,0.7555766350203175,8.156387308456743
A3_EN_a1_l1_0.9,"A3 - ElasticNet alpha=1, l1_ratio=0.9",A3,A3,B2_standard,ElasticNet,StandardScaler,,,ElasticNet,1.0,0.9,1,6.36987566149825,5.312187464628538,0.862779115328465,6.346523705561711
A3_EN_a1_l1_0.9,"A3 - ElasticNet alpha=1, l1_ratio=0.9",A3,A3,B2_standard,ElasticNet,StandardScaler,,,ElasticNet,1.0,0.9,2,6.121896798956301,4.876291853706784,0.8733611111238229,6.304989301000107
A3_EN_a1_l1_0.9,"A3 - ElasticNet alpha=1, l1_ratio=0.9",A3,A3,B2_standard,ElasticNet,StandardScaler,,,ElasticNet,1.0,0.9,3,5.856005332831601,4.7425310030329335,0.8700937106616905,6.3707157525661335
A3_EN_a1_l1_0.9,"A3 - ElasticNet alpha=1, l1_ratio=0.9",A3,A3,B2_standard,ElasticNet,StandardScaler,,,ElasticNet,1.0,0.9,4,5.569329121534327,4.390396041742618,0.8805055872284844,6.442340222478941
A3_EN_a1_l1_0.9,"A3 - ElasticNet alpha=1, l1_ratio=0.9",A3,A3,B2_standard,ElasticNet,StandardScaler,,,ElasticNet,1.0,0.9,5,6.495387437183734,4.965546801603011,0.8808516801516095,6.367468792404236
A3_EN_a1_l1_0.9,"A3 - ElasticNet alpha=1, l1_ratio=0.9",A3,A3,B2_standard,ElasticNet,StandardScaler,,,ElasticNet,1.0,0.9,6,6.602258416760105,5.372967834332377,0.8596362438869842,6.360704558520148
A3_EN_a1_l1_0.9,"A3 - ElasticNet alpha=1, l1_ratio=0.9",A3,A3,B2_standard,ElasticNet,StandardScaler,,,ElasticNet,1.0,0.9,7,7.338551061934475,5.744227624214907,0.8240094554593513,6.313188418217864
A3_EN_a1_l1_0.9,"A3 - ElasticNet alpha=1, l1_ratio=0.9",A3,A3,B2_standard,ElasticNet,StandardScaler,,,ElasticNet,1.0,0.9,8,7.076822509646168,5.683255661295313,0.8161426545770968,6.254612036119182
A3_EN_a1_l1_0.9,"A3 - ElasticNet alpha=1, l1_ratio=0.9",A3,A3,B2_standard,ElasticNet,StandardScaler,,,ElasticNet,1.0,0.9,9,6.019090418115895,4.829969677999735,0.858073692921366,6.3551893308196075
A3_EN_a1_l1_0.9,"A3 - ElasticNet alpha=1, l1_ratio=0.9",A3,A3,B2_standard,ElasticNet,StandardScaler,,,ElasticNet,1.0,0.9,10,6.4720698672268,5.4726539301383195,0.8485599321830288,6.3821205850228715
A3_EN_a10_l1_0.1,"A3 - ElasticNet alpha=10, l1_ratio=0.1",A3,A3,B2_standard,ElasticNet,StandardScaler,,,ElasticNet,10.0,0.1,1,15.842515532380755,12.912929689489255,0.15119762139222104,15.716089033277287
A3_EN_a10_l1_0.1,"A3 - ElasticNet alpha=10, l1_ratio=0.1",A3,A3,B2_standard,ElasticNet,StandardScaler,,,ElasticNet,10.0,0.1,2,15.756100674904607,13.122683640966434,0.16113402905435514,15.722423129344657
A3_EN_a10_l1_0.1,"A3 - ElasticNet alpha=10, l1_ratio=0.1",A3,A3,B2_standard,ElasticNet,StandardScaler,,,ElasticNet,10.0,0.1,3,14.946516643434506,12.329235423003656,0.15373334148509377,15.812539633137359
A3_EN_a10_l1_0.1,"A3 - ElasticNet alpha=10, l1_ratio=0.1",A3,A3,B2_standard,ElasticNet,StandardScaler,,,ElasticNet,10.0,0.1,4,14.848652166125113,12.515521712632083,0.15059287373853358,15.818222423965754
A3_EN_a10_l1_0.1,"A3 - ElasticNet alpha=10, l1_ratio=0.1",A3,A3,B2_standard,ElasticNet,StandardScaler,,,ElasticNet,10.0,0.1,5,17.414837159637884,14.085572793161788,0.14352116297819795,15.55597133111507
A3_EN_a10_l1_0.1,"A3 - ElasticNet alpha=10, l1_ratio=0.1",A3,A3,B2_standard,ElasticNet,StandardScaler,,,ElasticNet,10.0,0.1,6,16.289546620756763,13.271218810990195,0.1455474750433502,15.680245734860645
A3_EN_a10_l1_0.1,"A3 - ElasticNet alpha=10, l1_ratio=0.1",A3,A3,B2_standard,ElasticNet,StandardScaler,,,ElasticNet,10.0,0.1,7,16.71787090852155,13.495548137566578,0.08666388876338438,15.645907462702223
A3_EN_a10_l1_0.1,"A3 - ElasticNet alpha=10, l1_ratio=0.1",A3,A3,B2_standard,ElasticNet,StandardScaler,,,ElasticNet,10.0,0.1,8,15.26508317872494,12.13060220673941,0.14453404866040265,15.769938669823418
A3_EN_a10_l1_0.1,"A3 - ElasticNet alpha=10, l1_ratio=0.1",A3,A3,B2_standard,ElasticNet,StandardScaler,,,ElasticNet,10.0,0.1,9,14.789811384198481,12.023636971050589,0.14310730823548867,15.830887170560745
A3_EN_a10_l1_0.1,"A3 - ElasticNet alpha=10, l1_ratio=0.1",A3,A3,B2_standard,ElasticNet,StandardScaler,,,ElasticNet,10.0,0.1,10,15.54634705119184,12.59168920624795,0.1262018545511756,15.771006599469693
A3_EN_a10_l1_0.5,"A3 - ElasticNet alpha=10, l1_ratio=0.5",A3,A3,B2_standard,ElasticNet,StandardScaler,,,ElasticNet,10.0,0.5,1,15.853031443103129,12.930106329899536,0.1500704149920249,15.799066759464218
A3_EN_a10_l1_0.5,"A3 - ElasticNet alpha=10, l1_ratio=0.5",A3,A3,B2_standard,ElasticNet,StandardScaler,,,ElasticNet,10.0,0.5,2,15.79322972459758,13.197759170033805,0.1571758169447961,15.805656424810357
A3_EN_a10_l1_0.5,"A3 - ElasticNet alpha=10, l1_ratio=0.5",A3,A3,B2_standard,ElasticNet,StandardScaler,,,ElasticNet,10.0,0.5,3,15.037881614923466,12.433636826924882,0.1433556128253901,15.893814651916319
A3_EN_a10_l1_0.5,"A3 - ElasticNet alpha=10, l1_ratio=0.5",A3,A3,B2_standard,ElasticNet,StandardScaler,,,ElasticNet,10.0,0.5,4,14.886533445801337,12.572182688834676,0.1462533993668116,15.891677465419702
A3_EN_a10_l1_0.5,"A3 - ElasticNet alpha=10, l1_ratio=0.5",A3,A3,B2_standard,ElasticNet,StandardScaler,,,ElasticNet,10.0,0.5,5,17.51139993063453,14.155521649706685,0.13399672587206357,15.64306078694339
A3_EN_a10_l1_0.5,"A3 - ElasticNet alpha=10, l1_ratio=0.5",A3,A3,B2_standard,ElasticNet,StandardScaler,,,ElasticNet,10.0,0.5,6,16.375386682715828,13.32443107133428,0.1365184316185044,15.749479915054302
A3_EN_a10_l1_0.5,"A3 - ElasticNet alpha=10, l1_ratio=0.5",A3,A3,B2_standard,ElasticNet,StandardScaler,,,ElasticNet,10.0,0.5,7,16.847942307713478,13.63920353468194,0.07239639538128995,15.720003321946226
A3_EN_a10_l1_0.5,"A3 - ElasticNet alpha=10, l1_ratio=0.5",A3,A3,B2_standard,ElasticNet,StandardScaler,,,ElasticNet,10.0,0.5,8,15.307594748254134,12.178459804734086,0.13976265774683316,15.853826412993536
A3_EN_a10_l1_0.5,"A3 - ElasticNet alpha=10, l1_ratio=0.5",A3,A3,B2_standard,ElasticNet,StandardScaler,,,ElasticNet,10.0,0.5,9,14.852024934526405,12.118878876062576,0.13588308332029253,15.908767761848722
A3_EN_a10_l1_0.5,"A3 - ElasticNet alpha=10, l1_ratio=0.5",A3,A3,B2_standard,ElasticNet,StandardScaler,,,ElasticNet,10.0,0.5,10,15.639244346627109,12.687649706286876,0.11572788140028989,15.844971980478405
A3_EN_a10_l1_0.9,"A3 - ElasticNet alpha=10, l1_ratio=0.9",A3,A3,B2_standard,ElasticNet,StandardScaler,,,ElasticNet,10.0,0.9,1,15.023790410653117,12.297259195186177,0.2366612007330562,15.051640684084331
A3_EN_a10_l1_0.9,"A3 - ElasticNet alpha=10, l1_ratio=0.9",A3,A3,B2_standard,ElasticNet,StandardScaler,,,ElasticNet,10.0,0.9,2,14.922328342957414,12.519460097977426,0.24756625124571285,15.037961978914858
A3_EN_a10_l1_0.9,"A3 - ElasticNet alpha=10, l1_ratio=0.9",A3,A3,B2_standard,ElasticNet,StandardScaler,,,ElasticNet,10.0,0.9,3,14.291131898976882,11.90063381249851,0.2263215402665184,15.085542874552495
A3_EN_a10_l1_0.9,"A3 - ElasticNet alpha=10, l1_ratio=0.9",A3,A3,B2_standard,ElasticNet,StandardScaler,,,ElasticNet,10.0,0.9,4,14.090019481277919,11.8833186570368,0.23516981493788647,15.098018167480204
A3_EN_a10_l1_0.9,"A3 - ElasticNet alpha=10, l1_ratio=0.9",A3,A3,B2_standard,ElasticNet,StandardScaler,,,ElasticNet,10.0,0.9,5,16.663890637511024,13.470367478531596,0.21579318149544768,14.910692822079836
A3_EN_a10_l1_0.9,"A3 - ElasticNet alpha=10, l1_ratio=0.9",A3,A3,B2_standard,ElasticNet,StandardScaler,,,ElasticNet,10.0,0.9,6,15.60488080150789,12.7198651207456,0.2158649715926796,14.979743923863758
A3_EN_a10_l1_0.9,"A3 - ElasticNet alpha=10, l1_ratio=0.9",A3,A3,B2_standard,ElasticNet,StandardScaler,,,ElasticNet,10.0,0.9,7,16.13577709995744,13.114929125977465,0.14915888899439622,14.940204200946472
A3_EN_a10_l1_0.9,"A3 - ElasticNet alpha=10, l1_ratio=0.9",A3,A3,B2_standard,ElasticNet,StandardScaler,,,ElasticNet,10.0,0.9,8,14.5660696734001,11.629378823481389,0.22108665520014392,15.037131694399102
A3_EN_a10_l1_0.9,"A3 - ElasticNet alpha=10, l1_ratio=0.9",A3,A3,B2_standard,ElasticNet,StandardScaler,,,ElasticNet,10.0,0.9,9,14.08143808930552,11.520368395044503,0.22322509208294428,15.120434947559378
A3_EN_a10_l1_0.9,"A3 - ElasticNet alpha=10, l1_ratio=0.9",A3,A3,B2_standard,ElasticNet,StandardScaler,,,ElasticNet,10.0,0.9,10,14.917220180545337,12.145298379649134,0.1954923064067996,15.047174380817621
A3_EN_a100_l1_0.1,"A3 - ElasticNet alpha=100, l1_ratio=0.1",A3,A3,B2_standard,ElasticNet,StandardScaler,,,ElasticNet,100.0,0.1,1,17.156495098796306,13.965718174943623,0.004559180135620511,17.03302760201756
A3_EN_a100_l1_0.1,"A3 - ElasticNet alpha=100, l1_ratio=0.1",A3,A3,B2_standard,ElasticNet,StandardScaler,,,ElasticNet,100.0,0.1,2,17.17188140610308,14.289848907947714,0.003606595624535469,17.03090562578683
A3_EN_a100_l1_0.1,"A3 - ElasticNet alpha=100, l1_ratio=0.1",A3,A3,B2_standard,ElasticNet,StandardScaler,,,ElasticNet,100.0,0.1,3,16.211576428376027,13.323051408184773,0.004416370611918463,17.134407048987228
A3_EN_a100_l1_0.1,"A3 - ElasticNet alpha=100, l1_ratio=0.1",A3,A3,B2_standard,ElasticNet,StandardScaler,,,ElasticNet,100.0,0.1,4,16.115850702370373,13.605594738227651,-0.0005719029798492148,17.14471189107808
A3_EN_a100_l1_0.1,"A3 - ElasticNet alpha=100, l1_ratio=0.1",A3,A3,B2_standard,ElasticNet,StandardScaler,,,ElasticNet,100.0,0.1,5,18.886166691031416,15.278364904249639,-0.007315316508411884,16.831113474663837
A3_EN_a100_l1_0.1,"A3 - ElasticNet alpha=100, l1_ratio=0.1",A3,A3,B2_standard,ElasticNet,StandardScaler,,,ElasticNet,100.0,0.1,6,17.597124011280428,14.264403484797565,0.0028664411827283853,16.982967750283418
A3_EN_a100_l1_0.1,"A3 - ElasticNet alpha=100, l1_ratio=0.1",A3,A3,B2_standard,ElasticNet,StandardScaler,,,ElasticNet,100.0,0.1,7,17.983133078254212,14.507649134083362,-0.05681607476978878,16.9442776962745
A3_EN_a100_l1_0.1,"A3 - ElasticNet alpha=100, l1_ratio=0.1",A3,A3,B2_standard,ElasticNet,StandardScaler,,,ElasticNet,100.0,0.1,8,16.47559148545986,13.046555595104982,0.003479106816254851,17.106056771882297
A3_EN_a100_l1_0.1,"A3 - ElasticNet alpha=100, l1_ratio=0.1",A3,A3,B2_standard,ElasticNet,StandardScaler,,,ElasticNet,100.0,0.1,9,16.056248949749023,13.034069625070433,-0.009925538086720476,17.152128168240118
A3_EN_a100_l1_0.1,"A3 - ElasticNet alpha=100, l1_ratio=0.1",A3,A3,B2_standard,ElasticNet,StandardScaler,,,ElasticNet,100.0,0.1,10,16.767219603710895,13.560264416285932,-0.01642773361666583,17.07735324064003
A3_EN_a100_l1_0.5,"A3 - ElasticNet alpha=100, l1_ratio=0.5",A3,A3,B2_standard,ElasticNet,StandardScaler,,,ElasticNet,100.0,0.5,1,17.195891366265407,13.996493055555556,-1.7707969222513498e-05,17.069816521914376
A3_EN_a100_l1_0.5,"A3 - ElasticNet alpha=100, l1_ratio=0.5",A3,A3,B2_standard,ElasticNet,StandardScaler,,,ElasticNet,100.0,0.5,2,17.213679167518286,14.321909722222221,-0.0012499135629739921,17.06794305337648
A3_EN_a100_l1_0.5,"A3 - ElasticNet alpha=100, l1_ratio=0.5",A3,A3,B2_standard,ElasticNet,StandardScaler,,,ElasticNet,100.0,0.5,3,16.247566740900005,13.350124999999997,-9.002776957256486e-06,17.17272609482192
A3_EN_a100_l1_0.5,"A3 - ElasticNet alpha=100, l1_ratio=0.5",A3,A3,B2_standard,ElasticNet,StandardScaler,,,ElasticNet,100.0,0.5,4,16.153842401263102,13.636739583333332,-0.005294983853969537,17.18299126664501
A3_EN_a100_l1_0.5,"A3 - ElasticNet alpha=100, l1_ratio=0.5",A3,A3,B2_standard,ElasticNet,StandardScaler,,,ElasticNet,100.0,0.5,5,18.926867770740913,15.312020833333332,-0.011661672166511483,16.866444312598905
A3_EN_a100_l1_0.5,"A3 - ElasticNet alpha=100, l1_ratio=0.5",A3,A3,B2_standard,ElasticNet,StandardScaler,,,ElasticNet,100.0,0.5,6,17.634183605248392,14.2925,-0.0013379136589355412,17.020193883337196
A3_EN_a100_l1_0.5,"A3 - ElasticNet alpha=100, l1_ratio=0.5",A3,A3,B2_standard,ElasticNet,StandardScaler,,,ElasticNet,100.0,0.5,7,18.017418920808307,14.53361111111111,-0.0608496733974766,16.981494957383884
A3_EN_a100_l1_0.5,"A3 - ElasticNet alpha=100, l1_ratio=0.5",A3,A3,B2_standard,ElasticNet,StandardScaler,,,ElasticNet,100.0,0.5,8,16.51169401356296,13.072895833333334,-0.0008929779400415061,17.14478918561368
A3_EN_a100_l1_0.5,"A3 - ElasticNet alpha=100, l1_ratio=0.5",A3,A3,B2_standard,ElasticNet,StandardScaler,,,ElasticNet,100.0,0.5,9,16.093018220208315,13.06201388888889,-0.01455635124741339,17.190088309599258
A3_EN_a100_l1_0.5,"A3 - ElasticNet alpha=100, l1_ratio=0.5",A3,A3,B2_standard,ElasticNet,StandardScaler,,,ElasticNet,100.0,0.5,10,16.80168534407291,13.587388888888887,-0.020610650047128365,17.11522821816515
A3_EN_a100_l1_0.9,"A3 - ElasticNet alpha=100, l1_ratio=0.9",A3,A3,B2_standard,ElasticNet,StandardScaler,,,ElasticNet,100.0,0.9,1,17.195891366265407,13.996493055555556,-1.7707969222513498e-05,17.069816521914376
A3_EN_a100_l1_0.9,"A3 - ElasticNet alpha=100, l1_ratio=0.9",A3,A3,B2_standard,ElasticNet,StandardScaler,,,ElasticNet,100.0,0.9,2,17.213679167518286,14.321909722222221,-0.0012499135629739921,17.06794305337648
A3_EN_a100_l1_0.9,"A3 - ElasticNet alpha=100, l1_ratio=0.9",A3,A3,B2_standard,ElasticNet,StandardScaler,,,ElasticNet,100.0,0.9,3,16.247566740900005,13.350124999999997,-9.002776957256486e-06,17.17272609482192
A3_EN_a100_l1_0.9,"A3 - ElasticNet alpha=100, l1_ratio=0.9",A3,A3,B2_standard,ElasticNet,StandardScaler,,,ElasticNet,100.0,0.9,4,16.153842401263102,13.636739583333332,-0.005294983853969537,17.18299126664501
A3_EN_a100_l1_0.9,"A3 - ElasticNet alpha=100, l1_ratio=0.9",A3,A3,B2_standard,ElasticNet,StandardScaler,,,ElasticNet,100.0,0.9,5,18.926867770740913,15.312020833333332,-0.011661672166511483,16.866444312598905
A3_EN_a100_l1_0.9,"A3 - ElasticNet alpha=100, l1_ratio=0.9",A3,A3,B2_standard,ElasticNet,StandardScaler,,,ElasticNet,100.0,0.9,6,17.634183605248392,14.2925,-0.0013379136589355412,17.020193883337196
A3_EN_a100_l1_0.9,"A3 - ElasticNet alpha=100, l1_ratio=0.9",A3,A3,B2_standard,ElasticNet,StandardScaler,,,ElasticNet,100.0,0.9,7,18.017418920808307,14.53361111111111,-0.0608496733974766,16.981494957383884
A3_EN_a100_l1_0.9,"A3 - ElasticNet alpha=100, l1_ratio=0.9",A3,A3,B2_standard,ElasticNet,StandardScaler,,,ElasticNet,100.0,0.9,8,16.51169401356296,13.072895833333334,-0.0008929779400415061,17.14478918561368
A3_EN_a100_l1_0.9,"A3 - ElasticNet alpha=100, l1_ratio=0.9",A3,A3,B2_standard,ElasticNet,StandardScaler,,,ElasticNet,100.0,0.9,9,16.093018220208315,13.06201388888889,-0.01455635124741339,17.190088309599258
A3_EN_a100_l1_0.9,"A3 - ElasticNet alpha=100, l1_ratio=0.9",A3,A3,B2_standard,ElasticNet,StandardScaler,,,ElasticNet,100.0,0.9,10,16.80168534407291,13.587388888888887,-0.020610650047128365,17.11522821816515
