Experiment_ID,Block,Validation_RMSE_Mean,Validation_RMSE_STD,Validation_MAE_Mean,Validation_MAE_STD,Validation_R2_Mean,Validation_R2_STD,Validation_RMSE_Mean±SD,Validation_MAE_Mean±SD,Validation_R2_Mean±SD
A1_k12,A1,5.437649451798423,0.599315797087829,4.307264711494815,0.48662262076959056,0.896032283346473,0.023465271916047956,5.4376 ± 0.5993,4.3073 ± 0.4866,0.8960 ± 0.0235
A1_k15,A1,5.482449092933058,0.5871309199764584,4.336534832854998,0.46620257314347374,0.8943742239846347,0.023131372241356696,5.4824 ± 0.5871,4.3365 ± 0.4662,0.8944 ± 0.0231
A1_k4,A1,6.845876220645737,0.5213765858474917,5.438521571182688,0.36924928796088785,0.8357393806129947,0.02862691288098752,6.8459 ± 0.5214,5.4385 ± 0.3692,0.8357 ± 0.0286
A1_k7,A1,5.414004987218831,0.571568732480371,4.281706884077372,0.448585252680782,0.8970638709849938,0.02183612514414669,5.4140 ± 0.5716,4.2817 ± 0.4486,0.8971 ± 0.0218
A1_k9,A1,5.426091097820121,0.5761521875892809,4.29321222308093,0.4580388708701042,0.8966216745917694,0.021982636288069835,5.4261 ± 0.5762,4.2932 ± 0.4580,0.8966 ± 0.0220
A1_kall,A1,5.4815789139655395,0.5893322180208299,4.334290528027044,0.4698564020006396,0.8943886513799107,0.023217967453391403,5.4816 ± 0.5893,4.3343 ± 0.4699,0.8944 ± 0.0232
A2_PCA_80,A2,5.435904741527088,0.5983640285005282,4.309160338455747,0.4865245358181098,0.896214752064003,0.022575412003558514,5.4359 ± 0.5984,4.3092 ± 0.4865,0.8962 ± 0.0226
A2_PCA_90,A2,5.444173480990711,0.5810269927249875,4.320003012893808,0.4688396610629934,0.8958731225612642,0.0223525437761284,5.4442 ± 0.5810,4.3200 ± 0.4688,0.8959 ± 0.0224
A2_PCA_95,A2,5.44907589695988,0.5719489740965471,4.315553295558152,0.4497587635504251,0.8956156128987101,0.022789645768610832,5.4491 ± 0.5719,4.3156 ± 0.4498,0.8956 ± 0.0228
A2_PCA_99,A2,5.47110201368371,0.5848220776334925,4.320737665206641,0.46948835839447906,0.8947780952340519,0.023154149543918236,5.4711 ± 0.5848,4.3207 ± 0.4695,0.8948 ± 0.0232
A3_EN_a0.0001_l1_0.1,A3,5.481483835209444,0.5892466986802787,4.334232028725279,0.4698319851793284,0.8943925599926483,0.023214491487409325,5.4815 ± 0.5892,4.3342 ± 0.4698,0.8944 ± 0.0232
A3_EN_a0.0001_l1_0.5,A3,5.481480606623615,0.5892487012082639,4.334224828210378,0.46981586079096754,0.8943926679087442,0.023214608764570155,5.4815 ± 0.5892,4.3342 ± 0.4698,0.8944 ± 0.0232
A3_EN_a0.0001_l1_0.9,A3,5.4814775063218,0.5892506925149144,4.3342174719310425,0.46979937127680643,0.8943927708573749,0.02321472648210454,5.4815 ± 0.5893,4.3342 ± 0.4698,0.8944 ± 0.0232
A3_EN_a0.001_l1_0.1,A3,5.480661726274889,0.5884832727826613,4.33373730861677,0.4696044658443059,0.8944264548518787,0.023183463605534322,5.4807 ± 0.5885,4.3337 ± 0.4696,0.8944 ± 0.0232
A3_EN_a0.001_l1_0.5,A3,5.4806150356051715,0.588502197927948,4.333639559940055,0.46945300783110816,0.8944280775766102,0.023184579356439448,5.4806 ± 0.5885,4.3336 ± 0.4695,0.8944 ± 0.0232
A3_EN_a0.001_l1_0.9,A3,5.480576055589365,0.5885176853997155,4.3335641765964175,0.46929141991440226,0.8944294167338092,0.023185602403970187,5.4806 ± 0.5885,4.3336 ± 0.4693,0.8944 ± 0.0232
A3_EN_a0.01_l1_0.1,A3,5.475434954456157,0.5813094891191346,4.33200079259259,0.467355958812525,0.8946515293898469,0.022891814543024604,5.4754 ± 0.5813,4.3320 ± 0.4674,0.8947 ± 0.0229
A3_EN_a0.01_l1_0.5,A3,5.473227865941094,0.5812440097855662,4.329219811763052,0.46494470839314217,0.8947348665985888,0.02288420964813146,5.4732 ± 0.5812,4.3292 ± 0.4649,0.8947 ± 0.0229
A3_EN_a0.01_l1_0.9,A3,5.47153286833053,0.5810690220983288,4.327017575030071,0.46324940639256196,0.8947990068203874,0.022877689485087595,5.4715 ± 0.5811,4.3270 ± 0.4632,0.8948 ± 0.0229
A3_EN_a0.1_l1_0.1,A3,5.613631012213249,0.536116201918463,4.461672136962519,0.44215825500829503,0.889556517057285,0.021343240128742356,5.6136 ± 0.5361,4.4617 ± 0.4422,0.8896 ± 0.0213
A3_EN_a0.1_l1_0.5,A3,5.50602527133055,0.5391782965804012,4.374639913530861,0.44106935264639713,0.8936776468416581,0.021174177264852618,5.5060 ± 0.5392,4.3746 ± 0.4411,0.8937 ± 0.0212
A3_EN_a0.1_l1_0.9,A3,5.438467381964513,0.547683465016861,4.314932066788113,0.4316706733418008,0.8961927566372667,0.021325517601865338,5.4385 ± 0.5477,4.3149 ± 0.4317,0.8962 ± 0.0213
A3_EN_a100_l1_0.1,A3,17.04212874551316,0.9153145724678208,13.887552038889567,0.7125724821152105,-0.007212887159037851,0.01886694717537789,17.0421 ± 0.9153,13.8876 ± 0.7126,-0.0072 ± 0.0189
A3_EN_a100_l1_0.5,A3,17.07958475505886,0.9161131827488069,13.916569791666666,0.7141126243060328,-0.011648084662063019,0.01871057870554393,17.0796 ± 0.9161,13.9166 ± 0.7141,-0.0116 ± 0.0187
A3_EN_a100_l1_0.9,A3,17.07958475505886,0.9161131827488069,13.916569791666666,0.7141126243060328,-0.011648084662063019,0.01871057870554393,17.0796 ± 0.9161,13.9166 ± 0.7141,-0.0116 ± 0.0187
A3_EN_a10_l1_0.1,A3,15.741728131987646,0.8604955917339897,12.847863859184793,0.653985530832943,0.1406233603902203,0.021022414965967524,15.7417 ± 0.8605,12.8479 ± 0.6540,0.1406 ± 0.0210
A3_EN_a10_l1_0.5,A3,15.8104269178897,0.8782635150775548,12.923782965849934,0.6572358567229818,0.1331140419468296,0.024030471294013186,15.8104 ± 0.8783,12.9238 ± 0.6572,0.1331 ± 0.0240
A3_EN_a10_l1_0.9,A3,15.029654661609266,0.8686944149152901,12.320087908612859,0.6384789848758953,0.21663399029555852,0.02760786247709857,15.0297 ± 0.8687,12.3201 ± 0.6385,0.2166 ± 0.0276
A3_EN_a1_l1_0.1,A3,9.496806949624524,0.6038583698427047,7.790677324777064,0.5026364126009838,0.6867733631768016,0.024529181319368758,9.4968 ± 0.6039,7.7907 ± 0.5026,0.6868 ± 0.0245
A3_EN_a1_l1_0.5,A3,8.152271805583517,0.5790589631642007,6.679869689437508,0.47827758411695215,0.7688782063811014,0.02459133567581582,8.1523 ± 0.5791,6.6799 ± 0.4783,0.7689 ± 0.0246
A3_EN_a1_l1_0.9,A3,6.392128662568766,0.5377766785559487,5.139002789269453,0.44356777840391337,0.8574013183521899,0.022184504477128084,6.3921 ± 0.5378,5.1390 ± 0.4436,0.8574 ± 0.0222
A3_Lasso_alpha_0.0001,A3,5.481476756545246,0.5892511784566837,4.334215674260313,0.46979532767425886,0.8943927958730351,0.023214754670987606,5.4815 ± 0.5893,4.3342 ± 0.4698,0.8944 ± 0.0232
A3_Lasso_alpha_0.001,A3,5.480567399186149,0.5885211273210723,4.333544823025249,0.4692503201680107,0.8944297130905605,0.023185841717443582,5.4806 ± 0.5885,4.3335 ± 0.4693,0.8944 ± 0.0232
A3_Lasso_alpha_0.01,A3,5.471236566817627,0.581128030835519,4.326552035369246,0.4629062042445619,0.8948096649830399,0.02288149791961969,5.4712 ± 0.5811,4.3266 ± 0.4629,0.8948 ± 0.0229
A3_Lasso_alpha_0.1,A3,5.431106236687681,0.5519471158169444,4.305944136518247,0.4308498796191966,0.8964571246341988,0.02144670541688411,5.4311 ± 0.5519,4.3059 ± 0.4308,0.8965 ± 0.0214
A3_Lasso_alpha_1,A3,6.018185061939869,0.5176580961053872,4.80430266985301,0.43441049164062107,0.8734459996683654,0.021163613648576596,6.0182 ± 0.5177,4.8043 ± 0.4344,0.8734 ± 0.0212
A3_Lasso_alpha_10,A3,13.864422709925805,0.8589537640450897,11.400053588048934,0.6396863319580159,0.333372555593794,0.032100179311546,13.8644 ± 0.8590,11.4001 ± 0.6397,0.3334 ± 0.0321
A3_Lasso_alpha_100,A3,17.07958475505886,0.9161131827488069,13.916569791666666,0.7141126243060328,-0.011648084662063019,0.01871057870554393,17.0796 ± 0.9161,13.9166 ± 0.7141,-0.0116 ± 0.0187
A3_Ridge_alpha_0.0001,A3,5.481578782408143,0.5893320984587266,4.33429044904761,0.46985637362180266,0.8943886567947118,0.023217962581797234,5.4816 ± 0.5893,4.3343 ± 0.4699,0.8944 ± 0.0232
A3_Ridge_alpha_0.001,A3,5.481577598466847,0.5893310224116097,4.334289738257867,0.4698561182198974,0.8943887055250561,0.02321791873793721,5.4816 ± 0.5893,4.3343 ± 0.4699,0.8944 ± 0.0232
A3_Ridge_alpha_0.01,A3,5.481565766505982,0.5893202631085347,4.334282632850931,0.4698535649547783,0.894389192544906,0.023217480347567238,5.4816 ± 0.5893,4.3343 ± 0.4699,0.8944 ± 0.0232
A3_Ridge_alpha_0.1,A3,5.481448190930601,0.5892127865823598,4.3342118270065715,0.4698281075583235,0.8943940344287103,0.02321310125963439,5.4814 ± 0.5892,4.3342 ± 0.4698,0.8944 ± 0.0232
A3_Ridge_alpha_1,A3,5.48034570222536,0.5881493781229138,4.333580844276945,0.4695521469297335,0.8944396651283876,0.023169784898182107,5.4803 ± 0.5881,4.3336 ± 0.4696,0.8944 ± 0.0232
A3_Ridge_alpha_10,A3,5.475784606588567,0.5784370522119162,4.333950835513806,0.46731788663743645,0.8946500050312567,0.02277861693645346,5.4758 ± 0.5784,4.3340 ± 0.4673,0.8947 ± 0.0228
A3_Ridge_alpha_100,A3,5.796904691348784,0.5256879441588961,4.6158290478300685,0.42578339204374804,0.8823896303926017,0.021225048065901746,5.7969 ± 0.5257,4.6158 ± 0.4258,0.8824 ± 0.0212
B0,B0,5.422099184450138,0.5827017196751823,4.288089379154905,0.4578601913349816,0.8967205873507229,0.02225096332999309,5.4221 ± 0.5827,4.2881 ± 0.4579,0.8967 ± 0.0223
B1_standard,B1,5.422099184450138,0.5827017196751823,4.288089379154905,0.4578601913349816,0.8967205873507229,0.02225096332999309,5.4221 ± 0.5827,4.2881 ± 0.4579,0.8967 ± 0.0223
B2_standard,B2,5.4815789139655395,0.5893322180208299,4.334290528027044,0.4698564020006396,0.8943886513799107,0.023217967453391403,5.4816 ± 0.5893,4.3343 ± 0.4699,0.8944 ± 0.0232
B3_standard,B3,5.48034570222536,0.5881493781229138,4.333580844276945,0.4695521469297335,0.8944396651283876,0.023169784898182107,5.4803 ± 0.5881,4.3336 ± 0.4696,0.8944 ± 0.0232
