Experiment_ID,Experiment_Name,Block,Family,Reference_ID,Model,Scaler,Feature_Selection_k,PCA_Target_Variance,PCA_Components,Explained_Variance,Regularization_Method,Alpha,L1_Ratio,Ablation_Details,Train_RMSE,Train_MAE,Train_R2,Validation_RMSE_Mean,Validation_RMSE_STD,Validation_MAE_Mean,Validation_MAE_STD,Validation_R2_Mean,Validation_R2_STD,Test_RMSE,Test_MAE,Test_R2,RMSE_Generalization_Gap,R2_Generalization_Gap,CV_Test_RMSE_Gap,CV_Test_R2_Gap,Nonzero_Coefficients,Total_Coefficients,Training_Time_s,Original_Feature_Count,Encoded_Feature_Count,Final_Feature_Count,Feature_Reduction_Percentage,Selected_Features,Random_State,Run_Order,Delta_CV_RMSE_vs_B0,Delta_CV_RMSE_pct,Delta_Test_RMSE_vs_B0,Delta_Test_MAE_vs_B0,Delta_Test_R2_vs_B0
B0,B0 - Baseline numerik mentah (tanpa preprocessing),B0,B0,,LinearRegression,tanpa scaling,,,,,None,,,"8 predictor numerik mentah; tanpa imputation, scaling, encoding, feature selection, PCA; Ordinary Least Squares.",5.375374581809464,4.235715956951702,0.9009814822622779,5.422099184450138,0.5827017196751823,4.288089379154905,0.4578601913349815,0.8967205873507229,0.022250963329993094,5.091268006009171,4.130186149064832,0.8989154884786842,-0.2841065758002923,0.0020659937835937336,-0.33083117844096677,-0.0021949011279612796,8,8,0.00443889998132363,8,,,,,42,0,0.0,0.0,0.0,0.0,0.0
B1_standard,B1 - Numerik + imputasi + StandardScaler,B1,B1,B0,LinearRegression,StandardScaler,,,,,None,,,Satu-satunya perubahan dari B0: median imputation + StandardScaler pada predictor numerik; OLS.,5.375374581809464,4.235715956951702,0.9009814822622779,5.422099184450138,0.5827017196751823,4.288089379154905,0.4578601913349815,0.8967205873507229,0.022250963329993094,5.091268006009171,4.130186149064832,0.8989154884786842,-0.2841065758002923,0.0020659937835937336,-0.33083117844096677,-0.0021949011279612796,8,8,0.00757690001046285,8,,,,,42,1,0.0,0.0,0.0,0.0,0.0
B2_standard,B2 - Semua fitur + one-hot + StandardScaler,B2,B2,B1_standard,LinearRegression,StandardScaler,,,,,None,,,"Satu-satunya perubahan dari B1: menambah 6 predictor kategorikal (one-hot drop-first, imputasi most-frequent); OLS; StandardScaler.",5.344722412087315,4.214166226437827,0.9021075354141658,5.4815789139655395,0.5893322180208299,4.334290528027044,0.4698564020006398,0.8943886513799107,0.02321796745339139,5.150974183986897,4.192343110379908,0.8965307156715965,-0.19374822810041792,0.0055768197425692945,-0.3306047299786421,-0.00214206429168573,18,18,0.05720750000909902,14,18.0,18.0,0.0,,42,2,0.05947972951540148,1.0969871168344072,0.05970617797772615,0.06215696131507631,-0.0023847728070877094
B3_standard,B3 - StandardScaler + Ridge(alpha=1),B3,B3,B2_standard,Ridge,StandardScaler,,,,,Ridge,1.0,,Satu-satunya perubahan dari B2: OLS diganti Ridge(alpha=1). Di sini penalty L2 bergantung pada skala fitur sehingga StandardScaler mulai berpengaruh.,5.344765293539126,4.214423528669467,0.9021059645981275,5.48034570222536,0.5881493781229139,4.333580844276944,0.46955214692973357,0.8944396651283876,0.02316978489818212,5.151520195267954,4.191957315253653,0.8965087786986015,-0.19324509827117176,0.005597185899526069,-0.328825506957406,-0.0020691135702138874,18,18,0.06017579999752343,14,18.0,18.0,0.0,,42,3,0.05824651777522227,1.074242941594753,0.06025218925878306,0.06177116618882117,-0.0024067097800827275
A1_k4,A1 - SelectKBest k=4,A1,A1,B2_standard,LinearRegression,StandardScaler,4.0,,,,None,,,Satu-satunya perubahan dari B2: SelectKBest(f_regression) menyisakan 4 dari 18 kolom hasil encoding.,6.659496644506747,5.28654967617423,0.848021636755778,6.845876220645737,0.5213765858474919,5.438521571182688,0.3692492879608882,0.8357393806129947,0.02862691288098751,6.915608043746946,5.682202035633325,0.8134937284389231,0.2561113992401989,0.03452790831685493,0.0697318231012094,0.022245652174071595,4,4,0.06596989999525249,14,18.0,4.0,77.77777777777779,num__study_hours_per_day; num__social_media_hours; num__netflix_hours; num__mental_health_rating,42,4,1.4237770361955988,26.258778892846568,1.824340037737775,1.5520158865684932,-0.0854217600397611
A1_k7,A1 - SelectKBest k=7,A1,A1,B2_standard,LinearRegression,StandardScaler,7.0,,,,None,,,Satu-satunya perubahan dari B2: SelectKBest(f_regression) menyisakan 7 dari 18 kolom hasil encoding.,5.3767262904985955,4.236708075684725,0.9009316769818401,5.414004987218832,0.5715687324803711,4.281706884077372,0.4485852526807818,0.8970638709849938,0.021836125144146713,5.074501925779437,4.113913694442796,0.8995801560882966,-0.3022243647191587,0.001351520893543512,-0.33950306143939546,-0.0025162851033027067,7,7,0.034537100000306964,14,18.0,7.0,61.111111111111114,num__study_hours_per_day; num__social_media_hours; num__netflix_hours; num__attendance_percentage; num__sleep_hours; num__exercise_frequency; num__mental_health_rating,42,5,-0.008094197231305778,-0.14928161503424472,-0.01676608022973447,-0.01627245462203586,0.0006646676096123683
A1_k9,A1 - SelectKBest k=9,A1,A1,B2_standard,LinearRegression,StandardScaler,9.0,,,,None,,,Satu-satunya perubahan dari B2: SelectKBest(f_regression) menyisakan 9 dari 18 kolom hasil encoding.,5.374472107761486,4.230981024187648,0.9010147279978762,5.426091097820122,0.576152187589281,4.29321222308093,0.4580388708701041,0.8966216745917694,0.021982636288069842,5.0825580750751875,4.115093931344015,0.8992610550461403,-0.29191403268629834,0.0017536729517358962,-0.3435330227449347,-0.0026393804543708432,9,9,0.035557600000174716,14,18.0,9.0,50.0,num__study_hours_per_day; num__social_media_hours; num__netflix_hours; num__attendance_percentage; num__sleep_hours; num__exercise_frequency; num__mental_health_rating; cat__diet_quality_Poor; cat__parental_education_level_Master,42,6,0.003991913369984168,0.07362302374387482,-0.008709930933983756,-0.015092217720816592,0.0003455665674561015
A1_k12,A1 - SelectKBest k=12,A1,A1,B2_standard,LinearRegression,StandardScaler,12.0,,,,None,,,Satu-satunya perubahan dari B2: SelectKBest(f_regression) menyisakan 12 dari 18 kolom hasil encoding.,5.371666355040867,4.229056917312031,0.9011180518951464,5.437649451798423,0.5993157970878291,4.307264711494815,0.48662262076959056,0.8960322833464731,0.023465271916047952,5.075853274430459,4.112246669217862,0.8995266650101734,-0.295813080610408,0.0015913868849729562,-0.3617961773679639,-0.0034943816637003078,12,12,0.03972060000523925,14,18.0,12.0,33.333333333333336,num__study_hours_per_day; num__social_media_hours; num__netflix_hours; num__attendance_percentage; num__sleep_hours; num__exercise_frequency; num__mental_health_rating; cat__gender_Male; cat__part_time_job_Yes; cat__diet_quality_Poor; cat__parental_education_level_Master; cat__internet_quality_Good,42,7,0.015550267348285018,0.2867942252491641,-0.015414731578712093,-0.01793947984696942,0.0006111765314892326
A1_k15,A1 - SelectKBest k=15,A1,A1,B2_standard,LinearRegression,StandardScaler,15.0,,,,None,,,Satu-satunya perubahan dari B2: SelectKBest(f_regression) menyisakan 15 dari 18 kolom hasil encoding.,5.351962109207372,4.2216939551760495,0.9018421552008408,5.482449092933058,0.5871309199764585,4.336534832854998,0.4662025731434739,0.8943742239846346,0.023131372241356665,5.135130503632449,4.174029348025327,0.8971662510195939,-0.21683160557492354,0.004675904181246859,-0.34731858930060877,-0.002792027034959288,15,15,0.04146579999360256,14,18.0,15.0,16.666666666666664,num__age; num__study_hours_per_day; num__social_media_hours; num__netflix_hours; num__attendance_percentage; num__sleep_hours; num__exercise_frequency; num__mental_health_rating; cat__gender_Male; cat__part_time_job_Yes; cat__diet_quality_Good; cat__diet_quality_Poor; cat__parental_education_level_Master; cat__internet_quality_Good; cat__internet_quality_Poor,42,8,0.060349908482919545,1.113035863600487,0.04386249762327754,0.043843198960495045,-0.0017492374590902804
A1_kall,A1 - Tanpa feature selection (kontrol integritas pipeline),A1,A1,B2_standard,LinearRegression,StandardScaler,,,,,None,,,"Kontrol: pipeline tanpa feature selection. Harus menghasilkan hasil identik dengan B2_standard; jika tidak, ada bug pada plumbing pipeline.",5.344722412087315,4.214166226437827,0.9021075354141658,5.4815789139655395,0.5893322180208299,4.334290528027044,0.4698564020006398,0.8943886513799107,0.02321796745339139,5.150974183986897,4.192343110379908,0.8965307156715965,-0.19374822810041792,0.0055768197425692945,-0.3306047299786421,-0.00214206429168573,18,18,0.03328459998010658,14,18.0,18.0,0.0,,42,9,0.05947972951540148,1.0969871168344072,0.05970617797772615,0.06215696131507631,-0.0023847728070877094
A2_PCA_80,A2 - PCA 80% explained variance,A2,A2,B2_standard,LinearRegression,StandardScaler,,0.8,8.0,0.8157174259308371,None,,,"Satu-satunya perubahan dari B2: PCA(n_components=0.8) setelah StandardScaler, di dalam pipeline.",5.388041169763466,4.252349731309673,0.9005142759378395,5.4359047415270885,0.5983640285005282,4.309160338455748,0.4865245358181098,0.8962147520640033,0.022575412003558535,5.09705976644007,4.1183803892793955,0.8986853728070621,-0.2909814033233955,0.0018289031307774373,-0.33884497508701816,-0.0024706207430588156,8,8,0.06418860002304427,14,18.0,8.0,55.55555555555556,,42,10,0.013805557076950414,0.25461646139825184,0.005791760430899018,-0.011805759785436187,-0.000230115671622122
A2_PCA_90,A2 - PCA 90% explained variance,A2,A2,B2_standard,LinearRegression,StandardScaler,,0.9,11.0,0.9017996695724431,None,,,"Satu-satunya perubahan dari B2: PCA(n_components=0.9) setelah StandardScaler, di dalam pipeline.",5.375600612944974,4.2437173837313855,0.9009731547538524,5.444173480990711,0.5810269927249875,4.320003012893808,0.46883966106299363,0.8958731225612642,0.022352543776128442,5.100794412281454,4.136910518596785,0.8985368507622017,-0.27480620066352035,0.0024363039916507345,-0.3433790687092575,-0.0026637282009375207,11,11,0.13055830000666901,14,18.0,11.0,38.888888888888886,,42,11,0.022074296540573357,0.4071171660577423,0.009526406272282628,0.006724369531953656,-0.00037863771648249944
A2_PCA_95,A2 - PCA 95% explained variance,A2,A2,B2_standard,LinearRegression,StandardScaler,,0.95,14.0,0.9656684246202839,None,,,"Satu-satunya perubahan dari B2: PCA(n_components=0.95) setelah StandardScaler, di dalam pipeline.",5.355779572485336,4.226329502422242,0.9017020766282138,5.44907589695988,0.5719489740965472,4.315553295558152,0.44975876355042504,0.8956156128987101,0.0227896457686108,5.114968053287943,4.1608427440590905,0.8979721935058561,-0.24081151919739252,0.003729883122357669,-0.33410784367193713,-0.0023565806071460527,14,14,0.039164000016171485,14,18.0,14.0,22.22222222222222,,42,12,0.026976712509742207,0.4975326269779027,0.02370004727877184,0.030656594994258768,-0.0009432949728280793
A2_PCA_99,A2 - PCA 99% explained variance,A2,A2,B2_standard,LinearRegression,StandardScaler,,0.99,17.0,0.99604097001379,None,,,"Satu-satunya perubahan dari B2: PCA(n_components=0.99) setelah StandardScaler, di dalam pipeline.",5.347421204018294,4.212034647738765,0.902008649794206,5.47110201368371,0.5848220776334925,4.320737665206641,0.4694883583944791,0.8947780952340519,0.023154149543918246,5.153944820356517,4.192336096158759,0.8964113369908703,-0.19347638366177655,0.005597312803335752,-0.3171571933271933,-0.0016332417568183377,17,17,0.02955060001113452,14,18.0,17.0,5.555555555555558,,42,13,0.04900282923357224,0.9037612106784374,0.06267681434734573,0.062149947093927516,-0.0025041514878139104
A3_Ridge_alpha_0.0001,A3 - Ridge alpha=0.0001,A3,A3,B2_standard,Ridge,StandardScaler,,,,,Ridge,0.0001,,Satu-satunya perubahan dari B2: Ridge(alpha=0.0001).,5.344722412087748,4.214166245911871,0.9021075354141499,5.481578782408142,0.5893320984587265,4.33429044904761,0.4698563736218029,0.8943886567947118,0.023217962581797213,5.1509742340367755,4.192343070829375,0.8965307136608603,-0.19374817805097244,0.005576821753289551,-0.3306045483713662,-0.002142056866148545,18,18,0.04716839999309741,14,18.0,18.0,0.0,,42,14,0.059479597958003616,1.0969846905158656,0.05970622802760417,0.06215692176454368,-0.0023847748178238426
A3_Ridge_alpha_0.001,A3 - Ridge alpha=0.001,A3,A3,B2_standard,Ridge,StandardScaler,,,,,Ridge,0.001,,Satu-satunya perubahan dari B2: Ridge(alpha=0.001).,5.344722412130504,4.2141664211806384,0.9021075354125837,5.481577598466847,0.5893310224116097,4.334289738257867,0.4698561182198974,0.8943887055250561,0.0232179187379372,5.150974684526991,4.192342714883429,0.896530695562574,-0.19374772760351266,0.005576839850009674,-0.3306029139398561,-0.0021419900375179157,18,18,0.06139369998709299,14,18.0,18.0,0.0,,42,15,0.05947841401670928,1.0969628550375008,0.05970667851781997,0.06215656581859719,-0.0023847929161101566
A3_Ridge_alpha_0.01,A3 - Ridge alpha=0.01,A3,A3,B2_standard,Ridge,StandardScaler,,,,,Ridge,0.01,,Satu-satunya perubahan dari B2: Ridge(alpha=0.01).,5.34472241640586,4.214168174104248,0.9021075352559712,5.481565766505982,0.5893202631085347,4.334282632850931,0.46985356495477804,0.894389192544906,0.023217480347567224,5.1509791935191656,4.192339156302256,0.896530514415309,-0.19374322288669443,0.00557702084066225,-0.3305865729868165,-0.0021413218704029457,18,18,0.030122099997242913,14,18.0,18.0,0.0,,42,16,0.059466582055843986,1.096744637692838,0.05971118750999427,0.06215300723742434,-0.0023849740633752337
A3_Ridge_alpha_0.1,A3 - Ridge alpha=0.1,A3,A3,B2_standard,Ridge,StandardScaler,,,,,Ridge,0.1,,Satu-satunya perubahan dari B2: Ridge(alpha=0.1).,5.3447228436581495,4.214185726837793,0.9021075196050999,5.481448190930601,0.5892127865823598,4.3342118270065715,0.46982810755832355,0.8943940344287103,0.023213101259634383,5.151024692086316,4.192303658186201,0.896528686516592,-0.19369815157183368,0.0055788330885079285,-0.33042349884428557,-0.002134652087881661,18,18,0.02602879999903962,14,18.0,18.0,0.0,,42,17,0.05934900648046337,1.0945761864826902,0.05975668607714457,0.06211750912136971,-0.0023868019620921777
A3_Ridge_alpha_1,A3 - Ridge alpha=1,A3,A3,B2_standard,Ridge,StandardScaler,,,,,Ridge,1.0,,Satu-satunya perubahan dari B2: Ridge(alpha=1).,5.344765293539126,4.214423528669467,0.9021059645981275,5.48034570222536,0.5881493781229139,4.333580844276944,0.46955214692973357,0.8944396651283876,0.02316978489818212,5.151520195267954,4.191957315253653,0.8965087786986015,-0.19324509827117176,0.005597185899526069,-0.328825506957406,-0.0020691135702138874,18,18,0.029093899996951222,14,18.0,18.0,0.0,,42,18,0.05824651777522227,1.074242941594753,0.06025218925878306,0.06177116618882117,-0.0024067097800827275
A3_Ridge_alpha_10,A3 - Ridge alpha=10,A3,A3,B2_standard,Ridge,StandardScaler,,,,,Ridge,10.0,,Satu-satunya perubahan dari B2: Ridge(alpha=10).,5.348791084757779,4.219305970828317,0.9019584373077614,5.475784606588566,0.5784370522119164,4.333950835513806,0.4673178866374365,0.8946500050312567,0.022778616936453472,5.160242241706104,4.19631264846507,0.8961580397526806,-0.18854884305167463,0.005800397555080772,-0.3155423648824618,-0.001508034721423912,18,18,0.03346939999028109,14,18.0,18.0,0.0,,42,19,0.053685422138427974,0.9901224657120005,0.06897423569693295,0.06612649940023818,-0.0027574487260035863
A3_Ridge_alpha_100,A3 - Ridge alpha=100,A3,A3,B2_standard,Ridge,StandardScaler,,,,,Ridge,100.0,,Satu-satunya perubahan dari B2: Ridge(alpha=100).,5.645996069258677,4.481437052565816,0.8907604010511903,5.796904691348784,0.5256879441588961,4.6158290478300685,0.425783392043748,0.8823896303926017,0.02122504806590177,5.4913673938560645,4.4389844123371525,0.8824036884866391,-0.15462867540261271,0.008356712564551172,-0.3055372974927195,-1.405809403742797e-05,18,18,0.03090749998227693,14,18.0,18.0,0.0,,42,20,0.374805506898646,6.912553499086452,0.40009938784689325,0.30879826327232074,-0.016511799992045106
A3_Lasso_alpha_0.0001,A3 - Lasso alpha=0.0001,A3,A3,B2_standard,Lasso,StandardScaler,,,,,Lasso,0.0001,,Satu-satunya perubahan dari B2: Lasso(alpha=0.0001).,5.344722517066241,4.21416890068521,0.9021075315686355,5.481476756545247,0.5892511784566838,4.334215674260313,0.46979532767425886,0.8943927958730351,0.023214754670987606,5.150887707943032,4.192247407173307,0.8965341897869553,-0.19383480912320916,0.00557334178168023,-0.3305890486022145,-0.0021413939139202087,18,18,0.026572100003249943,14,18.0,18.0,0.0,,42,21,0.05937757209510863,1.0951030232976122,0.0596197019338609,0.06206125810847496,-0.0023812986917288725
A3_Lasso_alpha_0.001,A3 - Lasso alpha=0.001,A3,A3,B2_standard,Lasso,StandardScaler,,,,,Lasso,0.001,,Satu-satunya perubahan dari B2: Lasso(alpha=0.001).,5.34473284681338,4.214191950044668,0.9021071531746517,5.480567399186149,0.5885211273210722,4.333544823025248,0.4692503201680106,0.8944297130905607,0.023185841717443565,5.150114686207717,4.191381186522843,0.8965652428104632,-0.19461816060566317,0.005541910364188496,-0.33045271297843204,-0.002135529719902496,18,18,0.03246079999371432,14,18.0,18.0,0.0,,42,22,0.058468214736010715,1.0783317078317158,0.05884668019854544,0.06119503745801147,-0.0023502456682209516
A3_Lasso_alpha_0.01,A3 - Lasso alpha=0.01,A3,A3,B2_standard,Lasso,StandardScaler,,,,,Lasso,0.01,,Satu-satunya perubahan dari B2: Lasso(alpha=0.01).,5.345594980172759,4.214697326372229,0.9020755693712604,5.471236566817627,0.5811280308355192,4.326552035369245,0.462906204244562,0.8948096649830397,0.02288149791961966,5.142371996562633,4.183239259727549,0.8968760169437575,-0.20322298361012603,0.005199552427502918,-0.3288645702549937,-0.002066351960717805,17,18,0.032739599992055446,14,18.0,18.0,0.0,,42,23,0.04913738236748877,0.9062427797043674,0.05110399055346182,0.05305311066271745,-0.0020394715349266734
A3_Lasso_alpha_0.1,A3 - Lasso alpha=0.1,A3,A3,B2_standard,Lasso,StandardScaler,,,,,Lasso,0.1,,Satu-satunya perubahan dari B2: Lasso(alpha=0.1).,5.372529880865369,4.245326631236476,0.9010862576721426,5.431106236687681,0.5519471158169442,4.305944136518246,0.4308498796191967,0.8964571246341988,0.021446705416884145,5.109553585403723,4.150618306623343,0.8981880829852785,-0.26297629546164636,0.0028981746868640412,-0.32155265128395794,-0.0017309583510797255,9,18,0.02549080000608228,14,18.0,18.0,0.0,,42,24,0.009007052237542723,0.1661174377513004,0.018285579394551554,0.020432157558511577,-0.000727405493405664
A3_Lasso_alpha_1,A3 - Lasso alpha=1,A3,A3,B2_standard,Lasso,StandardScaler,,,,,Lasso,1.0,,Satu-satunya perubahan dari B2: Lasso(alpha=1).,5.977808103356493,4.760962497073777,0.8775432037882024,6.01818506193987,0.5176580961053875,4.80430266985301,0.43441049164062123,0.8734459996683654,0.02116361364857658,5.768339367886457,4.632550072116559,0.870241951548631,-0.2094687354700353,0.007301252239571343,-0.24984569405341261,0.003204048119734404,7,18,0.026157299987971783,14,18.0,18.0,0.0,,42,25,0.596085877489732,10.993636545772295,0.6770713618772861,0.5023639230517274,-0.028673536930053145
A3_Lasso_alpha_10,A3 - Lasso alpha=10,A3,A3,B2_standard,Lasso,StandardScaler,,,,,Lasso,10.0,,Satu-satunya perubahan dari B2: Lasso(alpha=10).,13.865354528851471,11.388272286285167,0.3411888942882205,13.864422709925805,0.8589537640450892,11.400053588048934,0.6396863319580157,0.333372555593794,0.03210017931154598,13.054096827002253,10.055875360608233,0.33545199578775464,-0.8112577018492182,0.005736898500465881,-0.8103258829235518,-0.002079440193960669,1,18,0.02478279999922961,14,18.0,18.0,0.0,,42,26,8.442323525475667,155.70212270714507,7.9628288209930815,5.925689211543402,-0.5634634926909295
A3_Lasso_alpha_100,A3 - Lasso alpha=100,A3,A3,B2_standard,Lasso,StandardScaler,,,,,Lasso,100.0,,Satu-satunya perubahan dari B2: Lasso(alpha=100).,17.0824643453272,13.902259062500002,0.0,17.07958475505886,0.9161131827488075,13.916569791666666,0.7141126243060328,-0.011648084662063019,0.018710578705543938,16.053179868506582,12.3803575,-0.004974037309030566,-1.0292844768206173,0.004974037309030566,-1.0264048865522781,-0.006674047353032453,0,18,0.025418900011572987,14,18.0,18.0,0.0,,42,27,11.657485570608722,214.99948957113966,10.961911862497411,8.250171350935169,-0.9038895257877148
A3_EN_a0.0001_l1_0.1,"A3 - ElasticNet alpha=0.0001, l1_ratio=0.1",A3,A3,B2_standard,ElasticNet,StandardScaler,,,,,ElasticNet,0.0001,0.1,"Satu-satunya perubahan dari B2: ElasticNet(alpha=0.0001, l1_ratio=0.1).",5.3447226509204135,4.214180521623295,0.902107526665363,5.481483835209444,0.5892466986802787,4.334232028725279,0.4698319851793283,0.8943925599926483,0.023214491487409335,5.151001774396478,4.192305079893868,0.8965296072336671,-0.1937208765239351,0.0055779194316958325,-0.3304820608129653,-0.002137047241018819,18,18,0.02736239999649115,14,18.0,18.0,0.0,,42,28,0.05938465075930566,1.0952335753948024,0.05973376838730715,0.06211893082903597,-0.002385881245017041
A3_EN_a0.0001_l1_0.5,"A3 - ElasticNet alpha=0.0001, l1_ratio=0.5",A3,A3,B2_standard,ElasticNet,StandardScaler,,,,,ElasticNet,0.0001,0.5,"Satu-satunya perubahan dari B2: ElasticNet(alpha=0.0001, l1_ratio=0.5).",5.3447225461908525,4.214175312458286,0.9021075305017587,5.481480606623616,0.5892487012082639,4.334224828210378,0.46981586079096743,0.8943926679087442,0.023214608764570162,5.150950814841437,4.192279242347253,0.8965316545166323,-0.1937717313494156,0.005575875985126433,-0.3305297917821788,-0.002138986607888138,18,18,0.028598900011274964,14,18.0,18.0,0.0,,42,29,0.05938142217347764,1.095174030452554,0.05968280883226562,0.06209309328242085,-0.0023838339620518845
A3_EN_a0.0001_l1_0.9,"A3 - ElasticNet alpha=0.0001, l1_ratio=0.9",A3,A3,B2_standard,ElasticNet,StandardScaler,,,,,ElasticNet,0.0001,0.9,"Satu-satunya perubahan dari B2: ElasticNet(alpha=0.0001, l1_ratio=0.9).",5.344722513205868,4.214170068581609,0.9021075317100465,5.481477506321801,0.5892506925149141,4.3342174719310425,0.4697993712768063,0.8943927708573749,0.023214726482104535,5.150899746252086,4.192253248536892,0.896533706159695,-0.1938227669537822,0.005573825550351574,-0.3305777600697155,-0.0021409353023200683,18,18,0.0323082999966573,14,18.0,18.0,0.0,,42,30,0.05937832187166325,1.0951168514576866,0.05963174024291451,0.06206709947206068,-0.002381782318989223
A3_EN_a0.001_l1_0.1,"A3 - ElasticNet alpha=0.001, l1_ratio=0.1",A3,A3,B2_standard,ElasticNet,StandardScaler,,,,,ElasticNet,0.001,0.1,"Satu-satunya perubahan dari B2: ElasticNet(alpha=0.001, l1_ratio=0.1).",5.344746168075797,4.214348142204926,0.9021066651959393,5.480661726274889,0.5884832727826611,4.3337373086167705,0.46960446584430576,0.8944264548518788,0.02318346360553433,5.151273910435126,4.191968451651351,0.8965186739170597,-0.19347225764067044,0.005587991278879545,-0.3293878158397625,-0.002092219065180978,18,18,0.027829300001030788,14,18.0,18.0,0.0,,42,31,0.058562541824750625,1.08007138623912,0.06000590442595488,0.0617823025865194,-0.0023968145616244385
A3_EN_a0.001_l1_0.5,"A3 - ElasticNet alpha=0.001, l1_ratio=0.5",A3,A3,B2_standard,ElasticNet,StandardScaler,,,,,ElasticNet,0.001,0.5,"Satu-satunya perubahan dari B2: ElasticNet(alpha=0.001, l1_ratio=0.5).",5.344735753064745,4.214263293073896,0.9021070467142148,5.4806150356051715,0.5885021979279479,4.333639559940055,0.46945300783110827,0.8944280775766102,0.023184579356439465,5.150757214185226,4.191709477543833,0.8965394321731682,-0.1939785388795192,0.005567614541046595,-0.3298578214199459,-0.0021113545965579794,18,18,0.028807900001993403,14,18.0,18.0,0.0,,42,32,0.05851585115503344,1.079210268282239,0.0594892081760543,0.06152332847900155,-0.002376056305515961
A3_EN_a0.001_l1_0.9,"A3 - ElasticNet alpha=0.001, l1_ratio=0.9",A3,A3,B2_standard,ElasticNet,StandardScaler,,,,,ElasticNet,0.001,0.9,"Satu-satunya perubahan dari B2: ElasticNet(alpha=0.001, l1_ratio=0.9).",5.344732522986013,4.21420528574596,0.9021071650369403,5.480576055589365,0.5885176853997156,4.3335641765964175,0.46929141991440215,0.8944294167338089,0.02318560240397021,5.150242556065229,4.191446954197391,0.8965601064775219,-0.19448996692078424,0.005547058559418394,-0.33033349952413626,-0.002130689743712999,18,18,0.024355500005185604,14,18.0,18.0,0.0,,42,33,0.05847687113922717,1.0784913582350373,0.05897455005605767,0.061260805132559604,-0.002355382001162254
A3_EN_a0.01_l1_0.1,"A3 - ElasticNet alpha=0.01, l1_ratio=0.1",A3,A3,B2_standard,ElasticNet,StandardScaler,,,,,ElasticNet,0.01,0.1,"Satu-satunya perubahan dari B2: ElasticNet(alpha=0.01, l1_ratio=0.1).",5.346987011311545,4.217209802750187,0.9020245622875812,5.475434954456157,0.5813094891191347,4.33200079259259,0.467355958812525,0.8946515293898469,0.022891814543024597,5.156119758403547,4.192843357293778,0.896323890784221,-0.19086725290799755,0.005700671503360177,-0.3193151960526093,-0.0016723613943741,17,18,0.023998200020287186,14,18.0,18.0,0.0,,42,34,0.053335770006018635,0.9836738169412054,0.06485175239437613,0.06265720822894671,-0.0025915976944631547
A3_EN_a0.01_l1_0.5,"A3 - ElasticNet alpha=0.01, l1_ratio=0.5",A3,A3,B2_standard,ElasticNet,StandardScaler,,,,,ElasticNet,0.01,0.5,"Satu-satunya perubahan dari B2: ElasticNet(alpha=0.01, l1_ratio=0.5).",5.345932971738187,4.21588318601388,0.9020631858375007,5.473227865941094,0.5812440097855661,4.329219811763052,0.46494470839314206,0.8947348665985888,0.022884209648131478,5.1497340040284705,4.188063533726479,0.8965805334654883,-0.19619896770971668,0.005482652372012398,-0.3234938619126231,-0.0018456668668994647,17,18,0.05022790000657551,14,18.0,18.0,0.0,,42,35,0.05112868149095551,0.9429683919760411,0.05846599801929919,0.057877384661646936,-0.0023349550131959163
A3_EN_a0.01_l1_0.9,"A3 - ElasticNet alpha=0.01, l1_ratio=0.9",A3,A3,B2_standard,ElasticNet,StandardScaler,,,,,ElasticNet,0.01,0.9,"Satu-satunya perubahan dari B2: ElasticNet(alpha=0.01, l1_ratio=0.9).",5.345571808459852,4.2148622138531575,0.9020764183214273,5.471532868330531,0.5810690220983289,4.327017575030071,0.46324940639256196,0.8947990068203874,0.022877689485087574,5.143784460029284,4.184050257983056,0.8968193587078794,-0.20178734843056745,0.005257059613547832,-0.32774840830124674,-0.0020203518874920556,17,18,0.032150300015928224,14,18.0,18.0,0.0,,42,36,0.04943368388039282,0.9117074807882909,0.052516454020112846,0.053864108918224574,-0.0020961297708047555
A3_EN_a0.1_l1_0.1,"A3 - ElasticNet alpha=0.1, l1_ratio=0.1",A3,A3,B2_standard,ElasticNet,StandardScaler,,,,,ElasticNet,0.1,0.1,"Satu-satunya perubahan dari B2: ElasticNet(alpha=0.1, l1_ratio=0.1).",5.520481041443247,4.376718675388178,0.8955633819650453,5.613631012213249,0.5361162019184631,4.461672136962519,0.44215825500829503,0.889556517057285,0.02134324012874238,5.353226251898,4.336376391285769,0.8882457889879629,-0.16725478954524764,0.007317592977082343,-0.2604047603152493,0.0013107280693220869,17,18,0.02759949999745004,14,18.0,18.0,0.0,,42,37,0.19153182776311084,3.532429438258871,0.2619582458888283,0.20619024222093696,-0.010669699490721274
A3_EN_a0.1_l1_0.5,"A3 - ElasticNet alpha=0.1, l1_ratio=0.5",A3,A3,B2_standard,ElasticNet,StandardScaler,,,,,ElasticNet,0.1,0.5,"Satu-satunya perubahan dari B2: ElasticNet(alpha=0.1, l1_ratio=0.5).",5.429915842005818,4.301362318018066,0.8989619045618225,5.506025271330549,0.5391782965804013,4.374639913530861,0.44106935264639735,0.8936776468416581,0.021174177264852625,5.223057367894561,4.247223877726667,0.8936145363616707,-0.20685847411125735,0.005347368200151803,-0.28296790343598843,6.311047998741603e-05,13,18,0.05622719999519177,14,18.0,18.0,0.0,,42,38,0.08392608688041125,1.5478522989970407,0.1317893618853896,0.1170377286618356,-0.005300952117013535
A3_EN_a0.1_l1_0.9,"A3 - ElasticNet alpha=0.1, l1_ratio=0.9",A3,A3,B2_standard,ElasticNet,StandardScaler,,,,,ElasticNet,0.1,0.9,"Satu-satunya perubahan dari B2: ElasticNet(alpha=0.1, l1_ratio=0.9).",5.3781711036299855,4.2529642823523615,0.9008784273136822,5.438467381964513,0.5476834650168609,4.314932066788113,0.4316706733418009,0.8961927566372667,0.021325517601865338,5.1259238278680614,4.166309358260073,0.8975346577320322,-0.2522472757619241,0.003343769581649947,-0.3125435540964512,-0.0013419010947655075,9,18,0.07064459999674,14,18.0,18.0,0.0,,42,39,0.01636819751437457,0.30187934520483123,0.03465582185889016,0.03612320919524148,-0.001380830746651962
A3_EN_a1_l1_0.1,"A3 - ElasticNet alpha=1, l1_ratio=0.1",A3,A3,B2_standard,ElasticNet,StandardScaler,,,,,ElasticNet,1.0,0.1,"Satu-satunya perubahan dari B2: ElasticNet(alpha=1, l1_ratio=0.1).",9.449125899626285,7.740974340206818,0.6940276196094621,9.496806949624524,0.603858369842705,7.790677324777063,0.5026364126009839,0.6867733631768017,0.024529181319368782,9.058834623011109,6.92791981819354,0.6799798228549507,-0.3902912766151765,0.014047796754511399,-0.4379723266134157,0.006793540321850977,13,18,0.08826859999680892,14,18.0,18.0,0.0,,42,40,4.074707765174386,75.150004206122,3.9675666170019372,2.797733669128708,-0.21893566562373346
A3_EN_a1_l1_0.5,"A3 - ElasticNet alpha=1, l1_ratio=0.5",A3,A3,B2_standard,ElasticNet,StandardScaler,,,,,ElasticNet,1.0,0.5,"Satu-satunya perubahan dari B2: ElasticNet(alpha=1, l1_ratio=0.5).",8.114946523205191,6.636981055356518,0.7743318448410873,8.152271805583517,0.5790589631642005,6.679869689437508,0.47827758411695187,0.7688782063811014,0.024591335675815795,7.807204147907882,6.034626345578708,0.7623029618795285,-0.30774237529730897,0.012028882961558796,-0.3450676576756351,0.0065752445015728744,7,18,0.07752910000272095,14,18.0,18.0,0.0,,42,41,2.730172621133379,50.35268681478849,2.7159361418987107,1.9044401965138764,-0.13661252659915568
A3_EN_a1_l1_0.9,"A3 - ElasticNet alpha=1, l1_ratio=0.9",A3,A3,B2_standard,ElasticNet,StandardScaler,,,,,ElasticNet,1.0,0.9,"Satu-satunya perubahan dari B2: ElasticNet(alpha=1, l1_ratio=0.9).",6.352492782398554,5.09995963649301,0.8617111023562299,6.392128662568766,0.5377766785559485,5.139002789269454,0.44356777840391365,0.8574013183521899,0.02218450447712811,6.141540076551938,4.8851266994265865,0.8529086008559124,-0.21095270584661563,0.008802501500317583,-0.25058858601682754,0.004492717496277554,7,18,0.06643790000816807,14,18.0,18.0,0.0,,42,42,0.9700294781186276,17.890293871800495,1.0502720705427668,0.7549405503617548,-0.04600688762277183
A3_EN_a10_l1_0.1,"A3 - ElasticNet alpha=10, l1_ratio=0.1",A3,A3,B2_standard,ElasticNet,StandardScaler,,,,,ElasticNet,10.0,0.1,"Satu-satunya perubahan dari B2: ElasticNet(alpha=10, l1_ratio=0.1).",15.73453733256379,12.82787213140428,0.15158779304797365,15.741728131987646,0.86049559173399,12.847863859184795,0.6539855308329431,0.14062336039022033,0.021022414965967524,14.814668186870197,11.40106933062973,0.14411275120252376,-0.9198691456935926,0.007475041845449892,-0.927059945117449,-0.003489390812303428,7,18,0.06412100000306964,14,18.0,18.0,0.0,,42,43,10.319628947537508,190.32534441887077,9.723400180861026,7.270883181564898,-0.7548027372761604
A3_EN_a10_l1_0.5,"A3 - ElasticNet alpha=10, l1_ratio=0.5",A3,A3,B2_standard,ElasticNet,StandardScaler,,,,,ElasticNet,10.0,0.5,"Satu-satunya perubahan dari B2: ElasticNet(alpha=10, l1_ratio=0.5).",15.812351364399982,12.909143433912284,0.1431755191229499,15.810426917889696,0.8782635150775553,12.923782965849934,0.6572358567229818,0.1331140419468296,0.02403047129401319,14.867532883023367,11.451089447037223,0.13799355269816527,-0.9448184813766147,0.005181966424784634,-0.9428940348663293,-0.004879510751335664,2,18,0.030314800009364262,14,18.0,18.0,0.0,,42,44,10.388327733439558,191.5923589747658,9.776264877014196,7.320903297972391,-0.7609219357805189
A3_EN_a10_l1_0.9,"A3 - ElasticNet alpha=10, l1_ratio=0.9",A3,A3,B2_standard,ElasticNet,StandardScaler,,,,,ElasticNet,10.0,0.9,"Satu-satunya perubahan dari B2: ElasticNet(alpha=10, l1_ratio=0.9).",15.031921388885769,12.308639950466695,0.22566668294795134,15.029654661609262,0.8686944149152894,12.320087908612859,0.6384789848758956,0.21663399029555852,0.027607862477098573,14.138514057504494,10.89287201905507,0.22045671543352385,-0.8934073313812743,0.005209967514427483,-0.891140604104768,-0.0038227251379653326,1,18,0.0348490999895148,14,18.0,18.0,0.0,,42,45,9.607555477159124,177.19254388987056,9.047246051495323,6.7626858699902375,-0.6784587730451603
A3_EN_a100_l1_0.1,"A3 - ElasticNet alpha=100, l1_ratio=0.1",A3,A3,B2_standard,ElasticNet,StandardScaler,,,,,ElasticNet,100.0,0.1,"Satu-satunya perubahan dari B2: ElasticNet(alpha=100, l1_ratio=0.1).",17.04498211619636,13.873135044787253,0.004383572152775517,17.04212874551316,0.9153145724678204,13.887552038889567,0.7125724821152107,-0.007212887159037851,0.018866947175377888,16.018109758849075,12.352441908722883,-0.0005878593688755096,-1.0268723573472833,0.004971431521651026,-1.0240189866640854,-0.006625027790162341,1,18,0.03170490000047721,14,18.0,18.0,0.0,,42,46,11.620029561063022,214.30868683457004,10.926841752839904,8.22225575965805,-0.8995033478475597
A3_EN_a100_l1_0.5,"A3 - ElasticNet alpha=100, l1_ratio=0.5",A3,A3,B2_standard,ElasticNet,StandardScaler,,,,,ElasticNet,100.0,0.5,"Satu-satunya perubahan dari B2: ElasticNet(alpha=100, l1_ratio=0.5).",17.0824643453272,13.902259062500002,0.0,17.07958475505886,0.9161131827488075,13.916569791666666,0.7141126243060328,-0.011648084662063019,0.018710578705543938,16.053179868506582,12.3803575,-0.004974037309030566,-1.0292844768206173,0.004974037309030566,-1.0264048865522781,-0.006674047353032453,0,18,0.040004200011026114,14,18.0,18.0,0.0,,42,47,11.657485570608722,214.99948957113966,10.961911862497411,8.250171350935169,-0.9038895257877148
A3_EN_a100_l1_0.9,"A3 - ElasticNet alpha=100, l1_ratio=0.9",A3,A3,B2_standard,ElasticNet,StandardScaler,,,,,ElasticNet,100.0,0.9,"Satu-satunya perubahan dari B2: ElasticNet(alpha=100, l1_ratio=0.9).",17.0824643453272,13.902259062500002,0.0,17.07958475505886,0.9161131827488075,13.916569791666666,0.7141126243060328,-0.011648084662063019,0.018710578705543938,16.053179868506582,12.3803575,-0.004974037309030566,-1.0292844768206173,0.004974037309030566,-1.0264048865522781,-0.006674047353032453,0,18,0.04671789999702014,14,18.0,18.0,0.0,,42,48,11.657485570608722,214.99948957113966,10.961911862497411,8.250171350935169,-0.9038895257877148
