Experiment_ID,Block,Reference_ID,Feature_Block,Scaler,Model,k,PCA,alpha,l1_ratio
B0,B0,-,numeric_only,tanpa scaling,LinearRegression,,,,
B1_standard,B1,B0,numeric_only,StandardScaler,LinearRegression,,,,
B2_standard,B2,B1_standard,all,StandardScaler,LinearRegression,,,,
B3_standard,B3,B2_standard,all,StandardScaler,Ridge,,,1.0,
A1_k4,A1,B2_standard,all,StandardScaler,LinearRegression,4.0,,,
A1_k7,A1,B2_standard,all,StandardScaler,LinearRegression,7.0,,,
A1_k9,A1,B2_standard,all,StandardScaler,LinearRegression,9.0,,,
A1_k12,A1,B2_standard,all,StandardScaler,LinearRegression,12.0,,,
A1_k15,A1,B2_standard,all,StandardScaler,LinearRegression,15.0,,,
A1_kall,A1,B2_standard,all,StandardScaler,LinearRegression,,,,
A2_PCA_80,A2,B2_standard,all,StandardScaler,LinearRegression,,0.8,,
A2_PCA_90,A2,B2_standard,all,StandardScaler,LinearRegression,,0.9,,
A2_PCA_95,A2,B2_standard,all,StandardScaler,LinearRegression,,0.95,,
A2_PCA_99,A2,B2_standard,all,StandardScaler,LinearRegression,,0.99,,
A3_Ridge_alpha_0.0001,A3,B2_standard,all,StandardScaler,Ridge,,,0.0001,
A3_Ridge_alpha_0.001,A3,B2_standard,all,StandardScaler,Ridge,,,0.001,
A3_Ridge_alpha_0.01,A3,B2_standard,all,StandardScaler,Ridge,,,0.01,
A3_Ridge_alpha_0.1,A3,B2_standard,all,StandardScaler,Ridge,,,0.1,
A3_Ridge_alpha_1,A3,B2_standard,all,StandardScaler,Ridge,,,1.0,
A3_Ridge_alpha_10,A3,B2_standard,all,StandardScaler,Ridge,,,10.0,
A3_Ridge_alpha_100,A3,B2_standard,all,StandardScaler,Ridge,,,100.0,
A3_Lasso_alpha_0.0001,A3,B2_standard,all,StandardScaler,Lasso,,,0.0001,
A3_Lasso_alpha_0.001,A3,B2_standard,all,StandardScaler,Lasso,,,0.001,
A3_Lasso_alpha_0.01,A3,B2_standard,all,StandardScaler,Lasso,,,0.01,
A3_Lasso_alpha_0.1,A3,B2_standard,all,StandardScaler,Lasso,,,0.1,
A3_Lasso_alpha_1,A3,B2_standard,all,StandardScaler,Lasso,,,1.0,
A3_Lasso_alpha_10,A3,B2_standard,all,StandardScaler,Lasso,,,10.0,
A3_Lasso_alpha_100,A3,B2_standard,all,StandardScaler,Lasso,,,100.0,
A3_EN_a0.0001_l1_0.1,A3,B2_standard,all,StandardScaler,ElasticNet,,,0.0001,0.1
A3_EN_a0.0001_l1_0.5,A3,B2_standard,all,StandardScaler,ElasticNet,,,0.0001,0.5
A3_EN_a0.0001_l1_0.9,A3,B2_standard,all,StandardScaler,ElasticNet,,,0.0001,0.9
A3_EN_a0.001_l1_0.1,A3,B2_standard,all,StandardScaler,ElasticNet,,,0.001,0.1
A3_EN_a0.001_l1_0.5,A3,B2_standard,all,StandardScaler,ElasticNet,,,0.001,0.5
A3_EN_a0.001_l1_0.9,A3,B2_standard,all,StandardScaler,ElasticNet,,,0.001,0.9
A3_EN_a0.01_l1_0.1,A3,B2_standard,all,StandardScaler,ElasticNet,,,0.01,0.1
A3_EN_a0.01_l1_0.5,A3,B2_standard,all,StandardScaler,ElasticNet,,,0.01,0.5
A3_EN_a0.01_l1_0.9,A3,B2_standard,all,StandardScaler,ElasticNet,,,0.01,0.9
A3_EN_a0.1_l1_0.1,A3,B2_standard,all,StandardScaler,ElasticNet,,,0.1,0.1
A3_EN_a0.1_l1_0.5,A3,B2_standard,all,StandardScaler,ElasticNet,,,0.1,0.5
A3_EN_a0.1_l1_0.9,A3,B2_standard,all,StandardScaler,ElasticNet,,,0.1,0.9
A3_EN_a1_l1_0.1,A3,B2_standard,all,StandardScaler,ElasticNet,,,1.0,0.1
A3_EN_a1_l1_0.5,A3,B2_standard,all,StandardScaler,ElasticNet,,,1.0,0.5
A3_EN_a1_l1_0.9,A3,B2_standard,all,StandardScaler,ElasticNet,,,1.0,0.9
A3_EN_a10_l1_0.1,A3,B2_standard,all,StandardScaler,ElasticNet,,,10.0,0.1
A3_EN_a10_l1_0.5,A3,B2_standard,all,StandardScaler,ElasticNet,,,10.0,0.5
A3_EN_a10_l1_0.9,A3,B2_standard,all,StandardScaler,ElasticNet,,,10.0,0.9
A3_EN_a100_l1_0.1,A3,B2_standard,all,StandardScaler,ElasticNet,,,100.0,0.1
A3_EN_a100_l1_0.5,A3,B2_standard,all,StandardScaler,ElasticNet,,,100.0,0.5
A3_EN_a100_l1_0.9,A3,B2_standard,all,StandardScaler,ElasticNet,,,100.0,0.9
